No. Race / Course,Course,Time,Race Name,Class,Distance (f),Prize,Going,Surface,Silk,Runner Count,Number,Horse,Age,Jockey,Trainer,Draw,Weight,ORI,Best,Bet365,William Hill,Coral,Betfred,Boyle Sports,Ladbrokes,,,RESULT,SP odd,,Form,#N/A,,,,,,,,,,,,,
Brighton,Brighton,14:15,Streamline Always Leading The Way Nursery Handicap,Class 6,5.5,"£3,454",Good To Firm,Turf,https://www.rp-assets.com/svg/7/2/0/275027.svg,4,1,Trouser Pocket,2,Frederick Larson,Lemos De Souza,3,135,9,13,12,13,12,12,12,12,058,,,,,,,,Frederick Larson,1,14:15 | Brighton | Trouser Pocket,,,,,,,,,
6,Brighton,14:15,Streamline Always Leading The Way Nursery Handicap,Class 6,5.5,"£3,454",Good To Firm,Turf,https://www.rp-assets.com/svg/9/0/6/349609.svg,4,2,London Is Blue,2,Marco Ghiani,Robert Cowell,2,132,1.8,1.53,1.53,1.53,1.5,1.5,1.5,1.5,8652,,,,,,,,Marco Ghiani,1,14:15 | Brighton | London Is Blue,,,,,,,,,
Chepstow,Brighton,14:15,Streamline Always Leading The Way Nursery Handicap,Class 6,5.5,"£3,454",Good To Firm,Turf,https://www.rp-assets.com/svg/6/9/3/356396.svg,4,3,Archibald Ives,2,Joe Leavy,Darryll Holland,4,132,4.5,5,5.5,5,5,5,5,5,055837,,,,,,,,Joe Leavy,4,14:15 | Brighton | Archibald Ives,14:45 | Brighton | Gennadius,15:15 | Brighton | Angel On High,16:15 | Brighton | Miraflores,,,,,,
6,Brighton,14:15,Streamline Always Leading The Way Nursery Handicap,Class 6,5.5,"£3,454",Good To Firm,Turf,https://www.rp-assets.com/svg/0/9/9/226990.svg,4,4,Twist Or Stick,2,Christian Howarth(3),Alice Haynes,1,123,4,7,6.5,7,6.5,6.5,6.5,6.5,5983,,,,,,,,Christian Howarth,1,14:15 | Brighton | Twist Or Stick,,,,,,,,,
Kempton (AW),Brighton,14:45,"Matt & Jacob #together Restricted Maiden Stakes (For Horses In Bands B, C And D) (GBB Race)",Class 5,7,"£3,888",Good To Firm,Turf,https://www.rp-assets.com/svg/6/7/8/7876.svg,5,1,Lord Montague,3,George Bass,Jack Channon,4,133,3.5,1.67,1.67,1.67,1.67,1.67,1.67,1.67,262,,,,,,,,George Bass,3,14:45 | Brighton | Lord Montague,15:45 | Brighton | Bird About Town,16:15 | Brighton | Monks Mead,,,,,,,
6,Brighton,14:45,"Matt & Jacob #together Restricted Maiden Stakes (For Horses In Bands B, C And D) (GBB Race)",Class 5,7,"£3,888",Good To Firm,Turf,https://www.rp-assets.com/svg/9/0/8/342809.svg,5,2,Towerlands,3,William Carson,Tony Carroll,1,133,9,,,,,,,,5-8292,,,,,,,,William Carson,3,14:45 | Brighton | Towerlands,15:45 | Brighton | Unknown Journey,16:45 | Brighton | Tea Sea,,,,,,,
Wolverhampton (AW),Brighton,14:45,"Matt & Jacob #together Restricted Maiden Stakes (For Horses In Bands B, C And D) (GBB Race)",Class 5,7,"£3,888",Good To Firm,Turf,https://www.rp-assets.com/svg/3/4/0/189043.svg,5,3,Gennadius,3,Joe Leavy,Richard Hannon,5,131,3.5,2.38,2.38,2.38,2.25,2.25,2.2,2.25,822335,,,,,,,,Jim Crowley,5,14:45 | Brighton | Bee My Honey,15:15 | Brighton | Foinix,15:45 | Brighton | Fighting Poet,16:15 | Brighton | Manton Road,16:45 | Brighton | Dandy G Boy,,,,,
6,Brighton,14:45,"Matt & Jacob #together Restricted Maiden Stakes (For Horses In Bands B, C And D) (GBB Race)",Class 5,7,"£3,888",Good To Firm,Turf,https://www.rp-assets.com/svg/5/4/7/348745.svg,5,4,Bee My Honey,3,Jim Crowley,Charles Hills,3,128,2.38,,,,,,,,2-22,,,,,,,,Dylan Hogan,2,14:45 | Brighton | Purpendicular,15:15 | Brighton | Stintino Sunset,,,,,,,,
Roscommon,Brighton,14:45,"Matt & Jacob #together Restricted Maiden Stakes (For Horses In Bands B, C And D) (GBB Race)",Class 5,7,"£3,888",Good To Firm,Turf,https://www.rp-assets.com/svg/8/9/5/48598.svg,5,5,Purpendicular,3,Dylan Hogan,Mike Murphy,2,126,67,41,34,41,34,29,34,34,6,,,,,,,,Luke Catton,1,15:15 | Brighton | Irezumi,,,,,,,,,
7,Brighton,15:15,Celebrating The Life Of Jake Cheeseman Handicap,Class 6,12,"£3,454",Good To Firm,Turf,https://www.rp-assets.com/svg/0/4/8/317840.svg,5,1,Angel On High,8,Joe Leavy,Adrian Wintle,5,138,3.5,3.25,3.5,3.25,3.25,3.25,3.25,3.25,442441,,,,,,,,Kyle Strydom,1,15:15 | Brighton | Edvard Grieg,,,,,,,,,
,Brighton,15:15,Celebrating The Life Of Jake Cheeseman Handicap,Class 6,12,"£3,454",Good To Firm,Turf,https://www.rp-assets.com/svg/5/2/2/221225.svg,5,2,Irezumi,5,Luke Catton(3),Jim Boyle,1,135,4.5,5.5,5.5,5.5,5.5,5.5,5.5,5.5,823212,,,,,,,,Donagh Murphy,1,15:45 | Brighton | Chourmo,,,,,,,,,
,Brighton,15:15,Celebrating The Life Of Jake Cheeseman Handicap,Class 6,12,"£3,454",Good To Firm,Turf,https://www.rp-assets.com/svg/4/6/2/336264.svg,5,3,Stintino Sunset,5,Dylan Hogan,Julia & Shelley Birkett,2,135,4,3.5,3.75,3.5,3.5,3.25,3.5,3.5,4-5533,,,,,,,,Alice Bond,1,15:45 | Brighton | Mc'ted,,,,,,,,,
,Brighton,15:15,Celebrating The Life Of Jake Cheeseman Handicap,Class 6,12,"£3,454",Good To Firm,Turf,https://www.rp-assets.com/svg/1/4/1/358141.svg,5,4,Edvard Grieg,4,Kyle Strydom,Dylan Cunha,4,133,7,8.5,8,8.5,8,7.5,7.5,8,003186,,,,,,,,Jack Doughty,3,15:45 | Brighton | Voltaic,16:15 | Brighton | Blackbrook,16:45 | Brighton | Poetic Force,,,,,,,
,Brighton,15:15,Celebrating The Life Of Jake Cheeseman Handicap,Class 6,12,"£3,454",Good To Firm,Turf,https://www.rp-assets.com/svg/1/9/9/336991.svg,5,5,Foinix,5,Jim Crowley,Jim & Suzi Best,3,130,4,4.5,4.5,4.5,4.5,4.5,4.5,4.5,350622,,,,,,,,Paddy Bradley,2,15:45 | Brighton | Beautiful Dawn,16:45 | Brighton | B Associates,,,,,,,,
,Brighton,15:45,"Streamline Always First Past The Post! ""Confined"" Handicap (Horses Who Have Not Won A Race In 2025)",Class 6,10,"£3,454",Good To Firm,Turf,https://www.rp-assets.com/svg/b/2/6/125462b.svg,7,1,Chourmo,5,Donagh Murphy(7),Mark Gillard,6,138,6,4,4.33,4,4,3.75,4,4,832865,,,,,,,,Tommie Jakes,2,16:15 | Brighton | Bear To Dream,16:45 | Brighton | H Key Lails,,,,,,,,
,Brighton,15:45,"Streamline Always First Past The Post! ""Confined"" Handicap (Horses Who Have Not Won A Race In 2025)",Class 6,10,"£3,454",Good To Firm,Turf,https://www.rp-assets.com/svg/3/9/9/303993.svg,7,2,Mc'ted,7,Alice Bond(7),Michael Keady,4,136,11,15,15,15,15,15,15,15,-87648,,,,,,,,Tyrese Cameron,1,16:15 | Brighton | River Wharfe,,,,,,,,,
,Brighton,15:45,"Streamline Always First Past The Post! ""Confined"" Handicap (Horses Who Have Not Won A Race In 2025)",Class 6,10,"£3,454",Good To Firm,Turf,https://www.rp-assets.com/svg/8/9/3/251398.svg,7,3,Voltaic,9,Jack Doughty,Tony Carroll,2,133,6.5,9.5,9,9.5,9,9,9,9,832563,,,,,,,,Laura Coughlan,1,16:15 | Brighton | Run Joy Run,,,,,,,,,
,Brighton,15:45,"Streamline Always First Past The Post! ""Confined"" Handicap (Horses Who Have Not Won A Race In 2025)",Class 6,10,"£3,454",Good To Firm,Turf,https://www.rp-assets.com/svg/5/0/6/161605.svg,7,4,Fighting Poet,7,Jim Crowley,Richard Phillips,1,132,5.5,10,9,10,9.5,9.5,9,9.5,578563,,,,,,,,Oliver Carmichael,1,16:15 | Brighton | Rotation,,,,,,,,,
,Brighton,15:45,"Streamline Always First Past The Post! ""Confined"" Handicap (Horses Who Have Not Won A Race In 2025)",Class 6,10,"£3,454",Good To Firm,Turf,https://www.rp-assets.com/svg/2/5/4/351452.svg,7,5,Unknown Journey,3,William Carson,Tony Carroll,5,129,5,8,7,8,7,7,7,7,437446,,,,,,,,Shay Farmer,1,16:45 | Brighton | Gone Rogue,,,,,,,,,
,Brighton,15:45,"Streamline Always First Past The Post! ""Confined"" Handicap (Horses Who Have Not Won A Race In 2025)",Class 6,10,"£3,454",Good To Firm,Turf,https://www.rp-assets.com/svg/5/4/6/348645.svg,7,6,Beautiful Dawn,4,Paddy Bradley,James Owen,7,129,2.75,2.2,2.2,2.1,2.2,2.2,2.2,2.2,894933,,,,,,,,Tom Marquand,5,17:30 | Chepstow | Berlinetta,18:00 | Chepstow | Jeddaal,18:30 | Chepstow | Over Spiced,19:00 | Chepstow | Saffredi,20:00 | Chepstow | Midsummer Music,,,,,
,Brighton,15:45,"Streamline Always First Past The Post! ""Confined"" Handicap (Horses Who Have Not Won A Race In 2025)",Class 6,10,"£3,454",Good To Firm,Turf,https://www.rp-assets.com/svg/8/1/5/151518.svg,7,7,Bird About Town,3,George Bass,Mark Usher,3,122,67,81,81,81,81,81,81,81,6-9076,,,,,,,,Alec Voikhansky,2,17:30 | Chepstow | Cougar Force,19:30 | Chepstow | Believe You Me,,,,,,,,
,Brighton,16:15,Celebration Of John Kimbers Life Handicap,Class 6,8,"£3,454",Good To Firm,Turf,https://www.rp-assets.com/svg/7/3/7/250737.svg,8,1,Bear To Dream,6,Tommie Jakes(5),Michael Attwater,5,135,3.5,3.75,3.5,3.75,3.75,3.75,3.75,3.75,315214,,,,,,,,Hector Crouch,2,17:30 | Chepstow | Evie Ross,18:00 | Chepstow | Gypsy Beat,,,,,,,,
,Brighton,16:15,Celebration Of John Kimbers Life Handicap,Class 6,8,"£3,454",Good To Firm,Turf,https://www.rp-assets.com/svg/4/3/4/56434.svg,8,2,River Wharfe,7,Tyrese Cameron(7),Tony Carroll,1,133,5,6.5,6,6.5,5.5,5.5,5.5,5.5,514435,,,,,,,,Pat Cosgrave,2,17:30 | Chepstow | Green Dame,18:00 | Chepstow | Coul Pearl,,,,,,,,
,Brighton,16:15,Celebration Of John Kimbers Life Handicap,Class 6,8,"£3,454",Good To Firm,Turf,https://www.rp-assets.com/svg/d/4/9/239594d.svg,8,3,Monks Mead,4,George Bass,Mark Usher,4,130,3.75,3.5,3.5,3.25,3.5,3.5,3.5,3.5,792363,,,,,,,,Finley Marsh,3,17:30 | Chepstow | Sara Moon,19:00 | Chepstow | Ten Club,20:00 | Chepstow | Ravenglass,,,,,,,
,Brighton,16:15,Celebration Of John Kimbers Life Handicap,Class 6,8,"£3,454",Good To Firm,Turf,https://www.rp-assets.com/svg/b/0/3/199030b.svg,8,4,Manton Road,3,Jim Crowley,Gay Kelleway,7,128,17,17,17,17,17,15,17,17,136977,,,,,,,,Jason Hart,2,17:30 | Chepstow | Soca Star,19:30 | Chepstow | Highfield Viking,,,,,,,,
,Brighton,16:15,Celebration Of John Kimbers Life Handicap,Class 6,8,"£3,454",Good To Firm,Turf,https://www.rp-assets.com/svg/b/6/5/23156b.svg,8,5,Run Joy Run,4,Laura Coughlan(3),Camilla Poulton,2,126,67,67,81,67,67,67,67,67,60-970,,,,,,,,Callum Shepherd,3,17:30 | Chepstow | Whiskey Kisses,18:30 | Chepstow | Fossos,19:00 | Chepstow | Wallop,,,,,,,
,Brighton,16:15,Celebration Of John Kimbers Life Handicap,Class 6,8,"£3,454",Good To Firm,Turf,https://www.rp-assets.com/svg/2/7/2/193272.svg,8,6,Rotation,3,Oliver Carmichael(7),Eve Johnson Houghton,3,124,4.5,8,7.5,8,7.5,7.5,7.5,7.5,665633,,,,,,,,William Cox,1,18:00 | Chepstow | High Esteem,,,,,,,,,
,Brighton,16:15,Celebration Of John Kimbers Life Handicap,Class 6,8,"£3,454",Good To Firm,Turf,https://www.rp-assets.com/svg/b/8/9/190298b.svg,8,7,Blackbrook,3,Jack Doughty,Jim Boyle,8,120,6.5,5,5.5,4.5,5,5,5,5,477403,,,,,,,,Saffie Osborne,3,18:00 | Chepstow | Kalokalo,18:30 | Chepstow | Zoulu Warrior,20:00 | Chepstow | Moonlight Bomb,,,,,,,
,Brighton,16:15,Celebration Of John Kimbers Life Handicap,Class 6,8,"£3,454",Good To Firm,Turf,https://www.rp-assets.com/svg/3/6/4/342463.svg,8,8,Miraflores,3,Joe Leavy,Rachel Cook & John Bridger,6,120,81,51,67,51,51,41,41,51,9860,,,,,,,,Taylor Fisher,2,18:00 | Chepstow | Sahm Naif,20:00 | Chepstow | Thiscouldbefun,,,,,,,,
,Brighton,16:45,Starsports.Bet Handicap (Brighton Summer Sprint Series Qualifier),Class 5,7,"£4,187",Good To Firm,Turf,https://www.rp-assets.com/svg/5/9/6/202695.svg,6,1,H Key Lails,5,Tommie Jakes(5),Michael Attwater,6,140,7,7.5,7.5,7.5,7,7,7,7,-44114,,,,,,,,Trevor Whelan,2,18:00 | Chepstow | Queen Tamara,19:30 | Chepstow | Magical Merlin,,,,,,,,
,Brighton,16:45,Starsports.Bet Handicap (Brighton Summer Sprint Series Qualifier),Class 5,7,"£4,187",Good To Firm,Turf,https://www.rp-assets.com/svg/1/5/1/118151.svg,6,2,Tea Sea,5,William Carson,Tony Carroll,3,139,3.75,2.63,2.63,2.63,2.63,2.5,2.63,2.63,435224,,,,,,,,Gina Mangan,2,18:30 | Chepstow | Pearl's Edge,19:00 | Chepstow | Outer Edge,,,,,,,,
,Brighton,16:45,Starsports.Bet Handicap (Brighton Summer Sprint Series Qualifier),Class 5,7,"£4,187",Good To Firm,Turf,https://www.rp-assets.com/svg/9/2/6/342629.svg,6,3,B Associates,5,Paddy Bradley,James Owen,5,132,4.5,5.5,5.5,5.5,5.5,5.5,5.5,5.5,971915,,,,,,,,Callum Hutchinson,1,18:30 | Chepstow | Savannah Smiles,,,,,,,,,
,Brighton,16:45,Starsports.Bet Handicap (Brighton Summer Sprint Series Qualifier),Class 5,7,"£4,187",Good To Firm,Turf,https://www.rp-assets.com/svg/4/3/4/56434.svg,6,4,Poetic Force,11,Jack Doughty,Tony Carroll,1,131,5.5,7,6.5,7,7,6.5,6.5,7,341441,,,,,,,,Elizabeth Gale,2,18:30 | Chepstow | Hidden Verse,19:00 | Chepstow | Haworth Star,,,,,,,,
,Brighton,16:45,Starsports.Bet Handicap (Brighton Summer Sprint Series Qualifier),Class 5,7,"£4,187",Good To Firm,Turf,https://www.rp-assets.com/svg/7/0/7/178707.svg,6,5,Dandy G Boy,3,Jim Crowley,Warren Greatrex,2,130,3,4,4,4,4,3.75,3.75,4,45-641,,,,,,,,J F Egan,2,18:30 | Chepstow | Captain Bentley,19:30 | Chepstow | Mister McGregor,,,,,,,,
,Brighton,16:45,Starsports.Bet Handicap (Brighton Summer Sprint Series Qualifier),Class 5,7,"£4,187",Good To Firm,Turf,https://www.rp-assets.com/svg/7/0/3/321307.svg,6,6,Gone Rogue,4,Shay Farmer(7),Gary & Josh Moore,4,129,N/A,,,,,,,,0-4932,,,,,,,,Molly Gunn,1,19:00 | Chepstow | You Are Everything,,,,,,,,,
,Chepstow,17:30,BetWright Bet The Wright Way Maiden Fillies' Stakes (GBB Race),Class 5,5,"£3,672",Good To Firm,Turf,https://www.rp-assets.com/svg/0/6/3/292360.svg,7,1,Berlinetta,2,Tom Marquand,William Haggas,6,128,2.75,2.5,2.5,2.5,2.38,2.38,2.25,2.38,65,,,,,,,,Charlie Tucker,1,19:00 | Chepstow | Vape,,,,,,,,,
,Chepstow,17:30,BetWright Bet The Wright Way Maiden Fillies' Stakes (GBB Race),Class 5,5,"£3,672",Good To Firm,Turf,https://www.rp-assets.com/svg/7/6/0/156067.svg,7,2,Cougar Force,2,Alec Voikhansky(3),Heather Main,3,128,41,41,41,41,41,41,41,41,,,,,,,,,Rose Dawes,1,19:30 | Chepstow | Jenni,,,,,,,,,
,Chepstow,17:30,BetWright Bet The Wright Way Maiden Fillies' Stakes (GBB Race),Class 5,5,"£3,672",Good To Firm,Turf,https://www.rp-assets.com/svg/1/7/6/150671.svg,7,3,Evie Ross,2,Hector Crouch,Clive Cox,2,128,10,17,19,17,17,17,17,17,9,,,,,,,,Jay Mackay,1,20:00 | Chepstow | Letter Of The Law,,,,,,,,,
,Chepstow,17:30,BetWright Bet The Wright Way Maiden Fillies' Stakes (GBB Race),Class 5,5,"£3,672",Good To Firm,Turf,https://www.rp-assets.com/svg/0/2/9/206920.svg,7,4,Green Dame,2,Pat Cosgrave,George Boughey,1,128,6,8.5,7.5,8.5,8,7.5,7.5,8,,,,,,,,,Jamie Spencer,1,14:30 | Kempton (AW) | Della Pace,,,,,,,,,
,Chepstow,17:30,BetWright Bet The Wright Way Maiden Fillies' Stakes (GBB Race),Class 5,5,"£3,672",Good To Firm,Turf,https://www.rp-assets.com/svg/4/6/8/157864.svg,7,5,Sara Moon,2,Finley Marsh,Richard Hughes,5,128,6,7,7,7,7,7,7,7,6252,,,,,,,,Oisin Murphy,6,14:30 | Kempton (AW) | Red Tsarina,15:00 | Kempton (AW) | Allegresse,15:30 | Kempton (AW) | Fast Bullet,16:00 | Kempton (AW) | Dubai Beach,16:30 | Kempton (AW) | Karthon,17:05 | Kempton (AW) | Moderna,,,,
,Chepstow,17:30,BetWright Bet The Wright Way Maiden Fillies' Stakes (GBB Race),Class 5,5,"£3,672",Good To Firm,Turf,https://www.rp-assets.com/svg/1/0/0/357001.svg,7,6,Soca Star,2,Jason Hart,John & Sean Quinn,7,128,3.5,3.25,3.5,3.25,3.25,3.25,3.25,3.25,33323,,,,,,,,Charles Bishop,3,14:30 | Kempton (AW) | Princess Honey Bee,15:30 | Kempton (AW) | Pave The Way,16:30 | Kempton (AW) | King Of The Bronx,,,,,,,
,Chepstow,17:30,BetWright Bet The Wright Way Maiden Fillies' Stakes (GBB Race),Class 5,5,"£3,672",Good To Firm,Turf,https://www.rp-assets.com/svg/3/9/0/347093.svg,7,7,Whiskey Kisses,2,Callum Shepherd,George Scott,4,128,10,13,13,13,13,13,13,13,,,,,,,,,Billy Loughnane,5,14:30 | Kempton (AW) | Sweet Love,15:30 | Kempton (AW) | Tuesdays Child,16:00 | Kempton (AW) | Cadarn,16:30 | Kempton (AW) | Distinction,17:05 | Kempton (AW) | Francis Drake,,,,,
,Chepstow,18:00,BetWright Bangers N'Cash / EBF Maiden Stakes (GBB/IRE Incentive Race),Class 5,7,"£3,672",Good To Firm,Turf,https://www.rp-assets.com/svg/b/0/3/269830b.svg,7,1,Gypsy Beat,2,Hector Crouch,Ralph Beckett,6,133,5,3.5,3.75,3.5,3.5,3.5,3.5,3.5,,,,,,,,,Luke Morris,5,14:30 | Kempton (AW) | Very Demure,15:00 | Kempton (AW) | Favourite Friend,15:30 | Kempton (AW) | Tronido,16:00 | Kempton (AW) | Grand Traverse,17:05 | Kempton (AW) | Rogue Dancer,,,,,
,Chepstow,18:00,BetWright Bangers N'Cash / EBF Maiden Stakes (GBB/IRE Incentive Race),Class 5,7,"£3,672",Good To Firm,Turf,https://www.rp-assets.com/svg/6/9/8/9896.svg,7,2,High Esteem,2,William Cox,Archie Watson,2,133,17,34,34,34,34,34,34,34,7,,,,,,,,Stevie Donohoe,2,14:30 | Kempton (AW) | Alkumatic Jo Jo,16:30 | Kempton (AW) | Racing Country,,,,,,,,
,Chepstow,18:00,BetWright Bangers N'Cash / EBF Maiden Stakes (GBB/IRE Incentive Race),Class 5,7,"£3,672",Good To Firm,Turf,https://www.rp-assets.com/svg/1/8/7/14781.svg,7,3,Jeddaal,2,Tom Marquand,Ed Walker,5,133,1.91,1.91,1.91,1.83,1.91,1.91,1.91,1.91,62,,,,,,,,Millie Wonnacott,2,14:30 | Kempton (AW) | Ethereal Charm,16:30 | Kempton (AW) | As Fast As Wind,,,,,,,,
,Chepstow,18:00,BetWright Bangers N'Cash / EBF Maiden Stakes (GBB/IRE Incentive Race),Class 5,7,"£3,672",Good To Firm,Turf,https://www.rp-assets.com/svg/0/6/9/344960.svg,7,4,Kalokalo,2,Saffie Osborne,Charles Hills,1,133,26,51,51,51,51,51,51,51,66,,,,,,,,David Egan,4,15:00 | Kempton (AW) | Previous,15:30 | Kempton (AW) | Lady Of Alaska,16:30 | Kempton (AW) | Uzincso,17:05 | Kempton (AW) | Improve Your Move,,,,,,
,Chepstow,18:00,BetWright Bangers N'Cash / EBF Maiden Stakes (GBB/IRE Incentive Race),Class 5,7,"£3,672",Good To Firm,Turf,https://www.rp-assets.com/svg/6/6/6/357666.svg,7,5,Sahm Naif,2,Taylor Fisher(3),Michael Keady,4,133,34,41,51,41,41,41,41,41,,,,,,,,,Georgia Dobie,1,15:00 | Kempton (AW) | Receding,,,,,,,,,
,Chepstow,18:00,BetWright Bangers N'Cash / EBF Maiden Stakes (GBB/IRE Incentive Race),Class 5,7,"£3,672",Good To Firm,Turf,https://www.rp-assets.com/svg/b/1/9/291891b.svg,7,6,Coul Pearl,2,Pat Cosgrave,David Evans,7,128,26,51,67,51,51,51,51,51,,,,,,,,,Rob Hornby,3,15:00 | Kempton (AW) | Smartanck,15:30 | Kempton (AW) | Bizou,16:30 | Kempton (AW) | Landing Board,,,,,,,
,Chepstow,18:00,BetWright Bangers N'Cash / EBF Maiden Stakes (GBB/IRE Incentive Race),Class 5,7,"£3,672",Good To Firm,Turf,https://www.rp-assets.com/svg/3/6/7/61763.svg,7,7,Queen Tamara,2,Trevor Whelan,Harry Charlton,3,128,3.5,4.33,4,4.33,4,4,4,4,52,,,,,,,,Kieran Shoemark,3,15:00 | Kempton (AW) | Loose Connection,15:30 | Kempton (AW) | Bayadere,16:00 | Kempton (AW) | Tennessee Gold,,,,,,,
,Chepstow,18:30,DragonBet Welsh Racing Festival 10th-12th October Handicap,Class 6,5,"£3,454",Good To Firm,Turf,https://www.rp-assets.com/svg/9/5/4/318459.svg,7,1,Pearl's Edge,5,Gina Mangan,Christopher Mason,1,140,26,17,19,17,17,17,15,17,0/34-6,,,,,,,,Sean Levey,3,15:00 | Kempton (AW) | Geodaisia,16:30 | Kempton (AW) | Carderock,17:05 | Kempton (AW) | Initial Blue,,,,,,,
,Chepstow,18:30,DragonBet Welsh Racing Festival 10th-12th October Handicap,Class 6,5,"£3,454",Good To Firm,Turf,https://www.rp-assets.com/svg/6/4/2/357246.svg,7,2,Over Spiced,3,Tom Marquand,Grace Harris,6,138,2.5,4,3.5,4,3.5,3.5,3.5,3.5,126223,,,,,,,,Sam Hitchcott,1,15:00 | Kempton (AW) | Hoe Benham,,,,,,,,,
,Chepstow,18:30,DragonBet Welsh Racing Festival 10th-12th October Handicap,Class 6,5,"£3,454",Good To Firm,Turf,https://www.rp-assets.com/svg/1/0/1/276101.svg,7,3,Savannah Smiles,5,Callum Hutchinson,Grace Harris,5,137,3.75,2.63,2.75,2.63,2.5,2.5,2.63,2.5,421252,,,,,,,,Aidan Keeley,1,15:30 | Kempton (AW) | The New Bay Pearl,,,,,,,,,
,Chepstow,18:30,DragonBet Welsh Racing Festival 10th-12th October Handicap,Class 6,5,"£3,454",Good To Firm,Turf,https://www.rp-assets.com/svg/8/6/8/146868.svg,7,4,Hidden Verse,3,Elizabeth Gale(5),Dr Richard Newland & Jamie Insole,2,136,3.75,5.5,5,5.5,4.5,4.5,4.5,4.5,374172,,,,,,,,Lewis Edmunds,1,15:30 | Kempton (AW) | Dollyana,,,,,,,,,
,Chepstow,18:30,DragonBet Welsh Racing Festival 10th-12th October Handicap,Class 6,5,"£3,454",Good To Firm,Turf,https://www.rp-assets.com/svg/b/9/5/285659b.svg,7,5,Zoulu Warrior,3,Saffie Osborne,Heather Main,4,131,8,6,6.5,6,6,6,6,6,80640-,,,,,,,,Kieran O'Neill,2,15:30 | Kempton (AW) | Shirazi,16:00 | Kempton (AW) | Lexington Belle,,,,,,,,
,Chepstow,18:30,DragonBet Welsh Racing Festival 10th-12th October Handicap,Class 6,5,"£3,454",Good To Firm,Turf,https://www.rp-assets.com/svg/2/9/7/310792.svg,7,6,Captain Bentley,6,J F Egan,Michael Mullineaux,3,124,19,17,15,17,13,13,12,13,0-8818,,,,,,,,Ashley Lewis,2,15:30 | Kempton (AW) | Thundering Breeze,17:05 | Kempton (AW) | Ballsgrove Boy,,,,,,,,
,Chepstow,18:30,DragonBet Welsh Racing Festival 10th-12th October Handicap,Class 6,5,"£3,454",Good To Firm,Turf,https://www.rp-assets.com/svg/9/9/8/309899.svg,7,7,Fossos,7,Callum Shepherd,Thomas Faulkner,7,124,29,34,29,34,26,26,26,26,420/87,,,,,,,,Cieren Fallon,2,16:00 | Kempton (AW) | Baldomero,17:05 | Kempton (AW) | Bintofie,,,,,,,,
,Chepstow,19:00,BetWright All Bun & Games Handicap,Class 6,6,"£3,454",Good To Firm,Turf,https://www.rp-assets.com/svg/6/9/1/328196.svg,7,1,Wallop,5,Callum Shepherd,Jack Morland,6,135,10,5.5,6,5.5,5.5,5.5,5,5.5,03-069,,,,,,,,William Carver,1,16:00 | Kempton (AW) | Wodao,,,,,,,,,
,Chepstow,19:00,BetWright All Bun & Games Handicap,Class 6,6,"£3,454",Good To Firm,Turf,https://www.rp-assets.com/svg/4/3/4/257434.svg,7,2,Ten Club,4,Finley Marsh,Adrian Wintle,3,133,4.5,7,6.5,7,6.5,6.5,6.5,6.5,651575,,,,,,,,Oliver Searle,1,16:00 | Kempton (AW) | Tadreeb,,,,,,,,,
,Chepstow,19:00,BetWright All Bun & Games Handicap,Class 6,6,"£3,454",Good To Firm,Turf,https://www.rp-assets.com/svg/3/3/1/349133.svg,7,3,Saffredi,4,Tom Marquand,Grace Harris,7,132,3.75,5,4.5,5,4.33,4.33,4,4.33,755334,,,,,,,,Tom Queally,1,16:30 | Kempton (AW) | Prince Rasam,,,,,,,,,
,Chepstow,19:00,BetWright All Bun & Games Handicap,Class 6,6,"£3,454",Good To Firm,Turf,https://www.rp-assets.com/svg/b/4/8/316284b.svg,7,4,Haworth Star,5,Elizabeth Gale(5),Max Young,5,131,51,51,51,51,51,41,41,51,1068-9,,,,,,,,Robert Havlin,2,16:30 | Kempton (AW) | Drumstick,17:05 | Kempton (AW) | South Shore Island,,,,,,,,
,Chepstow,19:00,BetWright All Bun & Games Handicap,Class 6,6,"£3,454",Good To Firm,Turf,https://www.rp-assets.com/svg/4/3/0/278034.svg,7,5,Outer Edge,4,Gina Mangan,Christopher Mason,2,128,9.5,13,12,13,12,12,12,12,7-0104,,,,,,,,Ben Ffrench Davis,1,16:30 | Kempton (AW) | Tequila Star,,,,,,,,,
,Chepstow,19:00,BetWright All Bun & Games Handicap,Class 6,6,"£3,454",Good To Firm,Turf,https://www.rp-assets.com/svg/1/5/1/118151.svg,7,6,You Are Everything,6,Molly Gunn(5),Tony Carroll,1,127,3.5,4.33,4.5,4.33,4.33,4.33,4,4,268411,,,,,,,,Harry Davies,1,16:30 | Kempton (AW) | Jack Langley,,,,,,,,,
,Chepstow,19:00,BetWright All Bun & Games Handicap,Class 6,6,"£3,454",Good To Firm,Turf,https://www.rp-assets.com/svg/7/6/9/88967.svg,7,7,Vape,8,Charlie Tucker(7),John & Rhys Flint,4,125,4.5,3.25,3.5,3.25,3.25,3.25,3,3.25,-46702,,,,,,,,Jason Watson,1,17:05 | Kempton (AW) | Fort Augustus,,,,,,,,,
,Chepstow,19:30,DragonBet WRF 10th-12th October Handicap,Class 5,7,"£4,187",Good To Firm,Turf,https://www.rp-assets.com/svg/7/8/6/240687.svg,5,1,Believe You Me,5,Alec Voikhansky(3),Heather Main,3,140,3.75,2.88,3,2.75,2.88,2.88,2.75,2.88,-62214,,,,,,,,Mikkel Mortensen,1,17:05 | Kempton (AW) | Saytarr,,,,,,,,,
,Chepstow,19:30,DragonBet WRF 10th-12th October Handicap,Class 5,7,"£4,187",Good To Firm,Turf,https://www.rp-assets.com/svg/8/3/1/32138.svg,5,2,Magical Merlin,5,Trevor Whelan,Harry Charlton,2,138,6.5,6.5,6.5,6.5,6.5,6,6,6.5,350-24,,,,,,,,Darragh Keenan,1,17:05 | Kempton (AW) | Baylando,,,,,,,,,
,Chepstow,19:30,DragonBet WRF 10th-12th October Handicap,Class 5,7,"£4,187",Good To Firm,Turf,https://www.rp-assets.com/svg/6/8/5/356586.svg,5,3,Jenni,4,Rose Dawes(5),Seb Spencer,5,137,10,5,5,4.5,5,5,4.5,5,031058,,,,,,,,Elle-May Croot,1,17:05 | Kempton (AW) | Nimble Nasher,,,,,,,,,
,Chepstow,19:30,DragonBet WRF 10th-12th October Handicap,Class 5,7,"£4,187",Good To Firm,Turf,https://www.rp-assets.com/svg/b/1/3/87131b.svg,5,4,Highfield Viking,5,Jason Hart,John & Sean Quinn,1,135,1.8,2.88,2.63,2.88,2.75,2.5,2.38,2.75,632331,,,,,,,,Daniel Muscutt,5,18:10 | Wolverhampton (AW) | Hayynah,18:40 | Wolverhampton (AW) | Baggot Street,19:10 | Wolverhampton (AW) | Ornately,20:10 | Wolverhampton (AW) | Bill Plumb,20:40 | Wolverhampton (AW) | Percy Jones,,,,,
,Chepstow,19:30,DragonBet WRF 10th-12th October Handicap,Class 5,7,"£4,187",Good To Firm,Turf,https://www.rp-assets.com/svg/5/2/2/195225.svg,5,5,Mister McGregor,3,J F Egan,Michael Mullineaux,4,124,23,41,51,41,41,41,41,41,-45865,,,,,,,,Rossa Ryan,6,18:10 | Wolverhampton (AW) | Secret Of Life,18:40 | Wolverhampton (AW) | Ibn Altheeb,19:10 | Wolverhampton (AW) | Little Keilee,19:40 | Wolverhampton (AW) | Kento,20:10 | Wolverhampton (AW) | Havana Sky,20:40 | Wolverhampton (AW) | Haptics,,,,
,Chepstow,20:00,BetWright Safer Gambling Handicap,Class 6,8,"£3,454",Good To Firm,Turf,https://www.rp-assets.com/svg/7/3/4/287437.svg,5,1,Midsummer Music,5,Tom Marquand,Roger Teal,4,140,4,2.88,3.25,2.75,2.88,2.63,2.75,2.88,51-537,,,,,,,,George Wood,2,18:10 | Wolverhampton (AW) | Smart Recruit,20:10 | Wolverhampton (AW) | Dark Side Prince,,,,,,,,
,Chepstow,20:00,BetWright Safer Gambling Handicap,Class 6,8,"£3,454",Good To Firm,Turf,https://www.rp-assets.com/svg/8/3/7/240738.svg,5,2,Thiscouldbefun,3,Taylor Fisher(3),J S Moore,5,135,4,7,5.5,7,6.5,6.5,6.5,6.5,315774,,,,,,,,Sean D Bowen,1,18:10 | Wolverhampton (AW) | Stay Sharp,,,,,,,,,
,Chepstow,20:00,BetWright Safer Gambling Handicap,Class 6,8,"£3,454",Good To Firm,Turf,https://www.rp-assets.com/svg/8/3/8/342838.svg,5,3,Ravenglass,6,Finley Marsh,Adrian Wintle,2,135,5.5,5,5.5,5,5,5,4.5,5,280129,,,,,,,,Hollie Doyle,6,18:10 | Wolverhampton (AW) | Yasalam,18:40 | Wolverhampton (AW) | Phantom Watch,19:10 | Wolverhampton (AW) | Addarella,19:40 | Wolverhampton (AW) | Sam's Hope,20:10 | Wolverhampton (AW) | Sovereign Knight,20:40 | Wolverhampton (AW) | Typhoon Dancer,,,,
,Chepstow,20:00,BetWright Safer Gambling Handicap,Class 6,8,"£3,454",Good To Firm,Turf,https://www.rp-assets.com/svg/4/2/8/224824.svg,5,4,Moonlight Bomb,3,Saffie Osborne,Jamie Osborne,1,134,2.88,4,3.5,4,4,4,4,4,877736,,,,,,,,Callum Rodriguez,1,18:10 | Wolverhampton (AW) | Yy Spirit,,,,,,,,,
,Chepstow,20:00,BetWright Safer Gambling Handicap,Class 6,8,"£3,454",Good To Firm,Turf,https://www.rp-assets.com/svg/0/3/3/87330.svg,5,5,Letter Of The Law,6,Jay Mackay(7),John O'Shea,3,123,9.5,7.5,7.5,7.5,7,7,6.5,7,620569,,,,,,,,Warren Fentiman,2,18:40 | Wolverhampton (AW) | Space Bear,19:10 | Wolverhampton (AW) | Noisy Music,,,,,,,,
,Kempton (AW),14:30,"Unibet Zero% Mission ""Confined"" EBF Restricted Maiden Fillies' Stakes (3 Runs Or Fewer) (GBB)",Class 5,8,"£4,320",Standard To Slow,AW,https://www.rp-assets.com/svg/2/2/8/121822.svg,7,1,Della Pace,2,Jamie Spencer,George Boughey,4,128,4.33,6,5.5,6,5.5,5,5.5,5.5,43,,,,,,,,Oisin Orr,2,18:40 | Wolverhampton (AW) | Sporting Light,19:10 | Wolverhampton (AW) | Sharon Curly,,,,,,,,
,Kempton (AW),14:30,"Unibet Zero% Mission ""Confined"" EBF Restricted Maiden Fillies' Stakes (3 Runs Or Fewer) (GBB)",Class 5,8,"£4,320",Standard To Slow,AW,https://www.rp-assets.com/svg/b/2/6/360762b.svg,7,2,Red Tsarina,2,Oisin Murphy,Ollie Sangster,6,128,6,6,7.5,6,6,6,6,6,,,,,,,,,Joanna Mason,4,18:40 | Wolverhampton (AW) | Gunalt Wavelength,19:10 | Wolverhampton (AW) | Glorious Kitty,19:40 | Wolverhampton (AW) | Black Cab,20:10 | Wolverhampton (AW) | Glory Hyde,,,,,,
,Kempton (AW),14:30,"Unibet Zero% Mission ""Confined"" EBF Restricted Maiden Fillies' Stakes (3 Runs Or Fewer) (GBB)",Class 5,8,"£4,320",Standard To Slow,AW,https://www.rp-assets.com/svg/3/7/1/241173.svg,7,3,Princess Honey Bee,2,Charles Bishop,Eve Johnson Houghton,1,126,3.5,2,1.91,2,2,2,2,2,3,,,,,,,,Andrew Mullen,2,19:10 | Wolverhampton (AW) | White Umbrella,20:40 | Wolverhampton (AW) | Golden Move,,,,,,,,
,Kempton (AW),14:30,"Unibet Zero% Mission ""Confined"" EBF Restricted Maiden Fillies' Stakes (3 Runs Or Fewer) (GBB)",Class 5,8,"£4,320",Standard To Slow,AW,https://www.rp-assets.com/svg/3/3/2/254233.svg,7,4,Sweet Love,2,Billy Loughnane,Charlie Johnston,7,126,7.5,8.5,10,8.5,8.5,8.5,8,8.5,63,,,,,,,,Connor Beasley,3,19:10 | Wolverhampton (AW) | Miss Yorkshire,19:40 | Wolverhampton (AW) | Sanbona,20:40 | Wolverhampton (AW) | Team Player,,,,,,,
,Kempton (AW),14:30,"Unibet Zero% Mission ""Confined"" EBF Restricted Maiden Fillies' Stakes (3 Runs Or Fewer) (GBB)",Class 5,8,"£4,320",Standard To Slow,AW,https://www.rp-assets.com/svg/1/8/9/353981.svg,7,5,Very Demure,2,Luke Morris,Archie Watson,5,126,6.5,12,13,12,11,11,5,11,,,,,,,,,Mark Winn,1,19:10 | Wolverhampton (AW) | Kiss Me My Love,,,,,,,,,
,Kempton (AW),14:30,"Unibet Zero% Mission ""Confined"" EBF Restricted Maiden Fillies' Stakes (3 Runs Or Fewer) (GBB)",Class 5,8,"£4,320",Standard To Slow,AW,https://www.rp-assets.com/svg/3/8/0/343083.svg,7,6,Alkumatic Jo Jo,2,Stevie Donohoe,Ivan Furtado,2,124,5.5,11,10,11,11,11,11,11,3,,,,,,,,Jack Nicholls,1,19:10 | Wolverhampton (AW) | Dream Illusion,,,,,,,,,
,Kempton (AW),14:30,"Unibet Zero% Mission ""Confined"" EBF Restricted Maiden Fillies' Stakes (3 Runs Or Fewer) (GBB)",Class 5,8,"£4,320",Standard To Slow,AW,https://www.rp-assets.com/svg/0/8/1/250180.svg,7,7,Ethereal Charm,2,Millie Wonnacott(5),Daisy Hitchins,3,124,67,81,101,67,81,81,81,81,,,,,,,,,Jack Mitchell,2,19:10 | Wolverhampton (AW) | Love You More,20:40 | Wolverhampton (AW) | Lightning Touch,,,,,,,,
,Kempton (AW),15:00,Unibet Supporting Safer Gambling Restricted Novice Stakes (For Horses In Bands C And D) (GBB Race),Class 5,8,"£4,320",Standard To Slow,AW,https://www.rp-assets.com/svg/8/3/3/160338.svg,8,1,Allegresse,2,Oisin Murphy,Andrew Balding,1,133,1.83,1.44,1.4,1.44,1.3,1.4,1.3,1.3,2,,,,,,,,Josephine Gordon,2,19:10 | Wolverhampton (AW) | Stacey Racey,19:40 | Wolverhampton (AW) | Second Collection,,,,,,,,
,Kempton (AW),15:00,Unibet Supporting Safer Gambling Restricted Novice Stakes (For Horses In Bands C And D) (GBB Race),Class 5,8,"£4,320",Standard To Slow,AW,https://www.rp-assets.com/svg/b/4/3/252234b.svg,8,2,Previous,2,David Egan,Kevin Philippart De Foy,5,133,3,3.75,3.5,3.5,2.88,3.75,3.25,2.88,1,,,,,,,,Rowan Scott,2,19:40 | Wolverhampton (AW) | Brazen Belle,20:40 | Wolverhampton (AW) | Cracker Star,,,,,,,,
,Kempton (AW),15:00,Unibet Supporting Safer Gambling Restricted Novice Stakes (For Horses In Bands C And D) (GBB Race),Class 5,8,"£4,320",Standard To Slow,AW,https://www.rp-assets.com/svg/b/3/9/219793b.svg,8,3,Receding,2,Georgia Dobie,Marcus Tregoning,3,133,81,67,126,67,51,51,51,67,00,,,,,,,,Charlie Bennett,2,19:40 | Wolverhampton (AW) | Coast,20:10 | Wolverhampton (AW) | Candy Warhol,,,,,,,,
,Kempton (AW),15:00,Unibet Supporting Safer Gambling Restricted Novice Stakes (For Horses In Bands C And D) (GBB Race),Class 5,8,"£4,320",Standard To Slow,AW,https://www.rp-assets.com/svg/1/7/2/248271.svg,8,4,Smartanck,2,Rob Hornby,Richard Hughes,7,133,21,29,41,29,23,23,23,23,7,,,,,,,,Sean Kirrane,2,19:40 | Wolverhampton (AW) | Fumbleinthejungle,20:10 | Wolverhampton (AW) | Evocative Spark,,,,,,,,
,Kempton (AW),15:00,Unibet Supporting Safer Gambling Restricted Novice Stakes (For Horses In Bands C And D) (GBB Race),Class 5,8,"£4,320",Standard To Slow,AW,https://www.rp-assets.com/svg/6/0/2/360206.svg,8,5,Favourite Friend,2,Luke Morris,Sir Mark Prescott Bt,8,131,81,101,151,101,81,81,51,81,86,,,,,,,,Barry McHugh,1,19:40 | Wolverhampton (AW) | Green Valentine,,,,,,,,,
,Kempton (AW),15:00,Unibet Supporting Safer Gambling Restricted Novice Stakes (For Horses In Bands C And D) (GBB Race),Class 5,8,"£4,320",Standard To Slow,AW,https://www.rp-assets.com/svg/8/0/1/361108.svg,8,6,Loose Connection,2,Kieran Shoemark,Michael Bell,4,131,11,15,26,15,13,15,15,15,,,,,,,,,Jack Dace,1,19:40 | Wolverhampton (AW) | The Defiant,,,,,,,,,
,Kempton (AW),15:00,Unibet Supporting Safer Gambling Restricted Novice Stakes (For Horses In Bands C And D) (GBB Race),Class 5,8,"£4,320",Standard To Slow,AW,https://www.rp-assets.com/svg/2/3/3/17332.svg,8,7,Geodaisia,2,Sean Levey,Richard Hannon,6,128,8,9.5,15,9.5,8,9,8.5,8.5,,,,,,,,,Joey Haynes,2,19:40 | Wolverhampton (AW) | War Zone,20:10 | Wolverhampton (AW) | Watermelon Sugar,,,,,,,,
,Kempton (AW),15:00,Unibet Supporting Safer Gambling Restricted Novice Stakes (For Horses In Bands C And D) (GBB Race),Class 5,8,"£4,320",Standard To Slow,AW,https://www.rp-assets.com/svg/2/9/5/175592.svg,8,8,Hoe Benham,2,Sam Hitchcott,Richard Hannon,2,128,21,34,51,34,29,29,29,29,0,,,,,,,,Matthew Lloyd Slater,1,20:10 | Wolverhampton (AW) | Lequinto,,,,,,,,,
,Kempton (AW),15:30,"Unibet 40,000+ Live Streamed Events Fillies' Handicap",Class 5,8,"£4,187",Standard To Slow,AW,https://www.rp-assets.com/svg/5/5/2/317255.svg,11,1,Bayadere,4,Kieran Shoemark,Michael Bell,1,137,6.5,6.5,7,6.5,6.5,6,6.5,6.5,455-40,,,,,,,,James Sullivan,1,20:10 | Wolverhampton (AW) | Daytona Lady,,,,,,,,,
,Kempton (AW),15:30,"Unibet 40,000+ Live Streamed Events Fillies' Handicap",Class 5,8,"£4,187",Standard To Slow,AW,https://www.rp-assets.com/svg/6/7/6/47676.svg,11,2,The New Bay Pearl,3,Aidan Keeley,Roger Varian,8,136,10,9,8.5,9,9,9,9,9,-22730,,,,,,,,Ben Robinson,1,20:10 | Wolverhampton (AW) | Muscika,,,,,,,,,
,Kempton (AW),15:30,"Unibet 40,000+ Live Streamed Events Fillies' Handicap",Class 5,8,"£4,187",Standard To Slow,AW,https://www.rp-assets.com/svg/5/0/6/179605.svg,11,3,Fast Bullet,3,Oisin Murphy,Ismail Mohammed,11,135,6.5,11,11,11,11,11,11,11,029-65,,,,,,,,Jordan Nason,1,20:10 | Wolverhampton (AW) | Minnesota Lad,,,,,,,,,
,Kempton (AW),15:30,"Unibet 40,000+ Live Streamed Events Fillies' Handicap",Class 5,8,"£4,187",Standard To Slow,AW,https://www.rp-assets.com/svg/c/0/5/111750c.svg,11,4,Tuesdays Child,3,Billy Loughnane,George Boughey,3,134,10,8,8,7.5,8,8,8,8,3346,,,,,,,,Paula Muir,1,20:10 | Wolverhampton (AW) | Edgewater Drive,,,,,,,,,
,Kempton (AW),15:30,"Unibet 40,000+ Live Streamed Events Fillies' Handicap",Class 5,8,"£4,187",Standard To Slow,AW,https://www.rp-assets.com/svg/1/5/4/86451.svg,11,5,Bizou,3,Rob Hornby,Jonathan Portman,5,133,4,3.75,3.75,3.75,3.75,3.75,3.75,3.75,76-435,,,,,,,,Adam Farragher,1,20:40 | Wolverhampton (AW) | Is I Right,,,,,,,,,
,Kempton (AW),15:30,"Unibet 40,000+ Live Streamed Events Fillies' Handicap",Class 5,8,"£4,187",Standard To Slow,AW,https://www.rp-assets.com/svg/9/9/8/344899.svg,11,6,Dollyana,3,Lewis Edmunds,William Muir & Chris Grassick,10,132,13,9,10,8.5,9,8.5,9,9,-75034,,,,,,,,James Ryan,3,17:20 | Roscommon | Ozark Daze,18:50 | Roscommon | Vocology,20:20 | Roscommon | Kool One,,,,,,,
,Kempton (AW),15:30,"Unibet 40,000+ Live Streamed Events Fillies' Handicap",Class 5,8,"£4,187",Standard To Slow,AW,https://www.rp-assets.com/svg/6/3/9/170936.svg,11,7,Tronido,4,Luke Morris,Simon Dow,2,132,12,8.5,8,8.5,8,8,8,8,575475,,,,,,,,Declan McDonogh,3,17:20 | Roscommon | Powerful Hook Head,17:50 | Roscommon | Lonradh,18:20 | Roscommon | Duke Of Cumberland,,,,,,,
,Kempton (AW),15:30,"Unibet 40,000+ Live Streamed Events Fillies' Handicap",Class 5,8,"£4,187",Standard To Slow,AW,https://www.rp-assets.com/svg/0/5/2/346250.svg,11,8,Shirazi,3,Kieran O'Neill,Georgina Nicholls,7,131,13,26,23,26,23,23,23,23,7259,,,,,,,,Shane Foley,6,17:20 | Roscommon | Dun An Oir,17:50 | Roscommon | Echo Of Faith,18:20 | Roscommon | Pierre Grosse,18:50 | Roscommon | Proxima Centauri,19:20 | Roscommon | Four Blondes,20:20 | Roscommon | Beauty Generation,,,,
,Kempton (AW),15:30,"Unibet 40,000+ Live Streamed Events Fillies' Handicap",Class 5,8,"£4,187",Standard To Slow,AW,https://www.rp-assets.com/svg/b/6/8/341586b.svg,11,9,Pave The Way,3,Charles Bishop,Eve Johnson Houghton,4,128,10,19,17,19,17,17,17,17,7-2809,,,,,,,,Colin Keane,3,17:20 | Roscommon | Theophilos,18:20 | Roscommon | Check This Out,19:20 | Roscommon | Spent All Me Money,,,,,,,
,Kempton (AW),15:30,"Unibet 40,000+ Live Streamed Events Fillies' Handicap",Class 5,8,"£4,187",Standard To Slow,AW,https://www.rp-assets.com/svg/0/9/8/335890.svg,11,10,Lady Of Alaska,3,David Egan,Ian Williams,9,127,19,41,34,41,34,34,34,34,80690,,,,,,,,Dylan Browne McMonagle,5,17:20 | Roscommon | Cheers Again,17:50 | Roscommon | Idiocracy,18:20 | Roscommon | Giovanni Giorgio,19:20 | Roscommon | Bundle Of Interest,20:20 | Roscommon | Ms Messi,,,,,
,Kempton (AW),15:30,"Unibet 40,000+ Live Streamed Events Fillies' Handicap",Class 5,8,"£4,187",Standard To Slow,AW,https://www.rp-assets.com/svg/9/7/4/306479.svg,11,11,Thundering Breeze,4,Ashley Lewis(7),Gary & Josh Moore,6,126,9,12,12,12,11,11,12,11,687-66,,,,,,,,Andrew Slattery,3,17:20 | Roscommon | Aingeal Dorcha,17:50 | Roscommon | Parallax,20:20 | Roscommon | Milverton,,,,,,,
,Kempton (AW),16:00,Try Unibet's New Improved Acca Boosts Handicap,Class 3,7,"£8,246",Standard To Slow,AW,https://www.rp-assets.com/svg/2/6/7/312762.svg,8,1,Grand Traverse,5,Luke Morris,Archie Watson,4,137,3.25,2.75,2.88,2.75,2.75,2.75,2.75,2.75,0-0161,,,,,,,,J M Sheridan,2,17:20 | Roscommon | Mono River,18:50 | Roscommon | Roudha,,,,,,,,
,Kempton (AW),16:00,Try Unibet's New Improved Acca Boosts Handicap,Class 3,7,"£8,246",Standard To Slow,AW,https://www.rp-assets.com/svg/1/7/2/314271.svg,8,2,Baldomero,7,Cieren Fallon,Michael Appleby,3,135,9.5,17,13,17,15,15,15,15,5-0014,,,,,,,,Patrick McGettigan,2,17:20 | Roscommon | Adial Kedo,20:20 | Roscommon | Pillar Of Hope,,,,,,,,
,Kempton (AW),16:00,Try Unibet's New Improved Acca Boosts Handicap,Class 3,7,"£8,246",Standard To Slow,AW,https://www.rp-assets.com/svg/2/4/6/344642.svg,8,3,Wodao,5,William Carver,Jamie Osborne,1,134,13,41,29,41,34,34,34,34,4240-5,,,,,,,,Seamie Heffernan,2,17:20 | Roscommon | La Tulipe Noire,18:50 | Roscommon | Alishba,,,,,,,,
,Kempton (AW),16:00,Try Unibet's New Improved Acca Boosts Handicap,Class 3,7,"£8,246",Standard To Slow,AW,https://www.rp-assets.com/svg/1/6/1/60161.svg,8,4,Cadarn,4,Billy Loughnane,George Boughey,5,134,7.5,10,10,10,9.5,8.5,9,9.5,24-110,,,,,,,,Sean Davis,1,17:20 | Roscommon | Porsche Lad,,,,,,,,,
,Kempton (AW),16:00,Try Unibet's New Improved Acca Boosts Handicap,Class 3,7,"£8,246",Standard To Slow,AW,https://www.rp-assets.com/svg/4/2/7/229724.svg,8,5,Lexington Belle,4,Kieran O'Neill,Alice Haynes,6,133,26,67,51,67,51,51,51,51,1320-8,,,,,,,,Gary Carroll,4,17:20 | Roscommon | Vervain,17:50 | Roscommon | Tahcawin,18:50 | Roscommon | Faberi,19:20 | Roscommon | William F Browne,,,,,,
,Kempton (AW),16:00,Try Unibet's New Improved Acca Boosts Handicap,Class 3,7,"£8,246",Standard To Slow,AW,https://www.rp-assets.com/svg/5/4/8/49845.svg,8,6,Dubai Beach,4,Oisin Murphy,Saeed bin Suroor,2,133,3.25,2.5,2.63,2.5,2.5,2.25,2.25,2.5,-71127,,,,,,,,Nathan Crosse,2,17:20 | Roscommon | Oranzona,18:50 | Roscommon | Ready To Mingle,,,,,,,,
,Kempton (AW),16:00,Try Unibet's New Improved Acca Boosts Handicap,Class 3,7,"£8,246",Standard To Slow,AW,https://www.rp-assets.com/svg/6/0/7/283706.svg,8,7,Tennessee Gold,4,Kieran Shoemark,Joseph Parr,8,130,6,8,7.5,7.5,8,7.5,8,8,41-085,,,,,,,,Rory Mulligan,2,17:20 | Roscommon | Can I Kiss You,20:20 | Roscommon | Numidia,,,,,,,,
,Kempton (AW),16:00,Try Unibet's New Improved Acca Boosts Handicap,Class 3,7,"£8,246",Standard To Slow,AW,https://www.rp-assets.com/svg/0/5/7/82750.svg,8,8,Tadreeb,7,Oliver Searle(5),Rod Millman,7,121,10,19,17,19,19,19,19,19,424042,,,,,,,,Chris Hayes,4,17:20 | Roscommon | Tortola,18:50 | Roscommon | Tina's Charm,19:20 | Roscommon | Engines On,20:20 | Roscommon | Tomahawk King,,,,,,
,Kempton (AW),16:30,Unibet More Extra Place Races Handicap (London Middle Distance Series Qualifier),Class 5,11,"£4,187",Standard To Slow,AW,https://www.rp-assets.com/svg/8/7/6/275678.svg,12,1,Prince Rasam,4,Tom Queally,Gary & Josh Moore,8,142,7,13,11,13,12,11,11,12,8556-6,,,,,,,,Robbie Colgan,5,17:50 | Roscommon | Badger's Cove,18:20 | Roscommon | Egyptian Pharaoh,18:50 | Roscommon | Suerte,19:20 | Roscommon | Anvika,20:20 | Roscommon | Breathe Again,,,,,
,Kempton (AW),16:30,Unibet More Extra Place Races Handicap (London Middle Distance Series Qualifier),Class 5,11,"£4,187",Standard To Slow,AW,https://www.rp-assets.com/svg/7/6/7/296767.svg,12,2,Distinction,7,Billy Loughnane,John Mackie,3,141,11,10,10,10,10,9.5,9,10,721401,,,,,,,,Scott McCullagh,1,17:50 | Roscommon | Nod Of Approval,,,,,,,,,
,Kempton (AW),16:30,Unibet More Extra Place Races Handicap (London Middle Distance Series Qualifier),Class 5,11,"£4,187",Standard To Slow,AW,https://www.rp-assets.com/svg/4/1/0/177014.svg,12,3,Drumstick,4,Robert Havlin,John Gallagher,12,138,7.5,10,9,10,10,9,9,10,930626,,,,,,,,Leigh Roche,2,17:50 | Roscommon | Kuma Queen,19:20 | Roscommon | Smaoineamh Sile,,,,,,,,
,Kempton (AW),16:30,Unibet More Extra Place Races Handicap (London Middle Distance Series Qualifier),Class 5,11,"£4,187",Standard To Slow,AW,https://www.rp-assets.com/svg/9/7/0/323079.svg,12,4,King Of The Bronx,4,Charles Bishop,Anthony Charlton,9,136,9.5,23,19,23,21,19,19,21,0030-9,,,,,,,,Nicola Burns,4,17:50 | Roscommon | Lazy River,19:20 | Roscommon | Glyndwr,19:50 | Roscommon | Devine Genius,20:20 | Roscommon | Out On Friday,,,,,,
,Kempton (AW),16:30,Unibet More Extra Place Races Handicap (London Middle Distance Series Qualifier),Class 5,11,"£4,187",Standard To Slow,AW,https://www.rp-assets.com/svg/0/6/8/351860.svg,12,5,As Fast As Wind,5,Millie Wonnacott(5),Daisy Hitchins,6,134,15,23,23,23,21,19,19,21,/7069-,,,,,,,,Gavin Ryan,2,17:50 | Roscommon | Spinning Around,20:20 | Roscommon | Gotta Catch'em All,,,,,,,,
,Kempton (AW),16:30,Unibet More Extra Place Races Handicap (London Middle Distance Series Qualifier),Class 5,11,"£4,187",Standard To Slow,AW,https://www.rp-assets.com/svg/c/4/1/177014c.svg,12,6,Landing Board,4,Rob Hornby,Heather Main,1,134,23,34,34,29,34,34,34,34,4-850,,,,,,,,N G McCullagh,1,17:50 | Roscommon | Tharaka,,,,,,,,,
,Kempton (AW),16:30,Unibet More Extra Place Races Handicap (London Middle Distance Series Qualifier),Class 5,11,"£4,187",Standard To Slow,AW,https://www.rp-assets.com/svg/3/8/6/164683.svg,12,7,Uzincso,9,David Egan,John Butler,2,133,9,10,10,10,10,10,9,10,603-72,,,,,,,,Rory Cleary,2,18:20 | Roscommon | Fortis Puer,20:20 | Roscommon | Mayo For Sam,,,,,,,,
,Kempton (AW),16:30,Unibet More Extra Place Races Handicap (London Middle Distance Series Qualifier),Class 5,11,"£4,187",Standard To Slow,AW,https://www.rp-assets.com/svg/1/7/8/339871.svg,12,8,Karthon,3,Oisin Murphy,Andrew Balding,10,130,3.75,2.75,2.63,2.5,2.75,2.5,2.5,2.75,-73823,,,,,,,,Wayne Lordan,1,18:50 | Roscommon | Perfect Base,,,,,,,,,
,Kempton (AW),16:30,Unibet More Extra Place Races Handicap (London Middle Distance Series Qualifier),Class 5,11,"£4,187",Standard To Slow,AW,https://www.rp-assets.com/svg/c/3/8/231683c.svg,12,9,Racing Country,10,Stevie Donohoe,Damien Wingrove,7,130,67,81,101,81,81,67,67,81,13-700,,,,,,,,Ben Coen,2,18:50 | Roscommon | Syzygy,19:20 | Roscommon | Free Solo,,,,,,,,
,Kempton (AW),16:30,Unibet More Extra Place Races Handicap (London Middle Distance Series Qualifier),Class 5,11,"£4,187",Standard To Slow,AW,https://www.rp-assets.com/svg/0/6/7/292760.svg,12,10,Tequila Star,3,Ben Ffrench Davis(5),Dominic Ffrench Davis,4,129,11,17,17,15,17,15,15,17,25-005,,,,,,,,Jack Kearney,2,18:50 | Roscommon | Thru The Gap,19:50 | Roscommon | Juniper Sling,,,,,,,,
,Kempton (AW),16:30,Unibet More Extra Place Races Handicap (London Middle Distance Series Qualifier),Class 5,11,"£4,187",Standard To Slow,AW,https://www.rp-assets.com/svg/1/0/9/43901.svg,12,11,Carderock,3,Sean Levey,Richard Hannon,11,127,7,8.5,7.5,8.5,8.5,7.5,7.5,8.5,88-863,,,,,,,,W J Lee,1,19:20 | Roscommon | Ramiro,,,,,,,,,
,Kempton (AW),16:30,Unibet More Extra Place Races Handicap (London Middle Distance Series Qualifier),Class 5,11,"£4,187",Standard To Slow,AW,https://www.rp-assets.com/svg/7/5/6/16657.svg,12,12,Jack Langley,3,Harry Davies,Simon Dow,5,118,9.5,8.5,7.5,8.5,8,7,7.5,8,085173,,,,,,,,Luke McAteer,1,19:20 | Roscommon | Ransom,,,,,,,,,
,Kempton (AW),17:05,Try Unibet's New Smartview Racecards Handicap,Class 5,6,"£4,187",Standard To Slow,AW,https://www.rp-assets.com/svg/3/5/5/292553.svg,12,1,Rogue Dancer,3,Luke Morris,Jack Jones,3,135,6.5,6.5,6,6,6.5,5,5.5,6.5,-15845,,,,,,,,Jack Cleary,2,19:20 | Roscommon | Lady Arwen,19:50 | Roscommon | Master Sydney,,,,,,,,
,Kempton (AW),17:05,Try Unibet's New Smartview Racecards Handicap,Class 5,6,"£4,187",Standard To Slow,AW,https://www.rp-assets.com/svg/0/4/2/112240.svg,12,2,Fort Augustus,3,Jason Watson,Charles Hills,8,135,6.5,5.5,5.5,5.5,5.5,5.5,5.5,5.5,27-593,,,,,,,,Robert Whearty,3,19:20 | Roscommon | Run Forrest Run,19:50 | Roscommon | Smithfield,20:20 | Roscommon | Celtic Druid,,,,,,,
,Kempton (AW),17:05,Try Unibet's New Smartview Racecards Handicap,Class 5,6,"£4,187",Standard To Slow,AW,https://www.rp-assets.com/svg/1/7/2/219271.svg,12,3,Improve Your Move,3,David Egan,John Butler,11,134,26,51,51,51,51,51,51,51,407-07,,,,,,,,Sam Coen,1,19:50 | Roscommon | Bryant,,,,,,,,,
,Kempton (AW),17:05,Try Unibet's New Smartview Racecards Handicap,Class 5,6,"£4,187",Standard To Slow,AW,https://www.rp-assets.com/svg/0/4/4/343440.svg,12,4,Bintofie,3,Cieren Fallon,William Knight,7,132,17,41,41,41,41,41,41,41,684,,,,,,,,Paddy Harnett,1,19:50 | Roscommon | Sea Lantern,,,,,,,,,
,Kempton (AW),17:05,Try Unibet's New Smartview Racecards Handicap,Class 5,6,"£4,187",Standard To Slow,AW,https://www.rp-assets.com/svg/b/9/5/89359b.svg,12,5,Moderna,3,Oisin Murphy,Harry Charlton,2,132,8,6,5,5.5,6,5.5,5.5,6,853,,,,,,,,Keithen Kennedy,1,19:50 | Roscommon | Sears Crossing,,,,,,,,,
,Kempton (AW),17:05,Try Unibet's New Smartview Racecards Handicap,Class 5,6,"£4,187",Standard To Slow,AW,https://www.rp-assets.com/svg/3/3/3/360333.svg,12,6,Saytarr,3,Mikkel Mortensen(5),Charlie Fellowes,1,131,4.5,5,5,4.5,5,5,5,5,3327-3,,,,,,,,Alan Casey,1,19:50 | Roscommon | Sporting Aclaim,,,,,,,,,
,Kempton (AW),17:05,Try Unibet's New Smartview Racecards Handicap,Class 5,6,"£4,187",Standard To Slow,AW,https://www.rp-assets.com/svg/b/8/0/346608b.svg,12,7,South Shore Island,3,Robert Havlin,Amanda Perrett,10,131,12,10,9,9.5,10,9,9,10,409644,,,,,,,,Wayne Hassett,1,19:50 | Roscommon | Superficial,,,,,,,,,
,Kempton (AW),17:05,Try Unibet's New Smartview Racecards Handicap,Class 5,6,"£4,187",Standard To Slow,AW,https://www.rp-assets.com/svg/b/7/2/295227b.svg,12,8,Baylando,3,Darragh Keenan,Mike Murphy,12,131,29,51,51,51,51,41,41,51,036-,,,,,,,,Jamie Powell,1,19:50 | Roscommon | A Pearl Starling,,,,,,,,,
,Kempton (AW),17:05,Try Unibet's New Smartview Racecards Handicap,Class 5,6,"£4,187",Standard To Slow,AW,https://www.rp-assets.com/svg/4/6/2/341264.svg,12,9,Nimble Nasher,3,Elle-May Croot(5),Ivan Furtado,4,130,15,26,26,26,26,23,23,26,70-4,,,,,,,,Julian Pietropaolo,1,20:20 | Roscommon | Si Senior,,,,,,,,,
,Kempton (AW),17:05,Try Unibet's New Smartview Racecards Handicap,Class 5,6,"£4,187",Standard To Slow,AW,https://www.rp-assets.com/svg/9/5/9/242959.svg,12,10,Ballsgrove Boy,3,Ashley Lewis(7),Martin Dunne,5,130,10,15,17,15,15,13,13,15,013210,,,,,,,,Jimmy Dalton,1,20:20 | Roscommon | Art Of Silence,,,,,,,,,
,Kempton (AW),17:05,Try Unibet's New Smartview Racecards Handicap,Class 5,6,"£4,187",Standard To Slow,AW,https://www.rp-assets.com/svg/1/1/2/252211.svg,12,11,Initial Blue,3,Sean Levey,Richard Hannon,6,129,17,11,10,9.5,11,10,10,11,1-9890,,,,,,,,Trainer,,,,,,,,,,,
,Kempton (AW),17:05,Try Unibet's New Smartview Racecards Handicap,Class 5,6,"£4,187",Standard To Slow,AW,https://www.rp-assets.com/svg/9/8/3/347389.svg,12,12,Francis Drake,3,Billy Loughnane,George Boughey,9,126,4.33,8,8.5,8,8,7,7,8,842405,,,,,,,,Lemos De Souza,1,14:15 | Brighton | Trouser Pocket,,,,,,,,,
,Wolverhampton (AW),18:10,Race And Rest - Wolverhampton Holiday Inn Maiden Fillies' Stakes (GBB Race),Class 5,7,"£3,672",Standard,AW,https://www.rp-assets.com/svg/c/7/1/326317c.svg,6,1,Hayynah,2,Daniel Muscutt,Ollie Sangster,2,128,2,1.73,1.73,1.73,1.62,1.67,1.62,1.62,226,,,,,,,,Robert Cowell,1,14:15 | Brighton | London Is Blue,,,,,,,,,
,Wolverhampton (AW),18:10,Race And Rest - Wolverhampton Holiday Inn Maiden Fillies' Stakes (GBB Race),Class 5,7,"£3,672",Standard,AW,https://www.rp-assets.com/svg/6/9/8/9896.svg,6,2,Secret Of Life,2,Rossa Ryan,Ralph Beckett,5,128,4.5,5,5,5,5,5,5,5,,,,,,,,,Darryll Holland,1,14:15 | Brighton | Archibald Ives,,,,,,,,,
,Wolverhampton (AW),18:10,Race And Rest - Wolverhampton Holiday Inn Maiden Fillies' Stakes (GBB Race),Class 5,7,"£3,672",Standard,AW,https://www.rp-assets.com/svg/6/0/6/360606.svg,6,3,Smart Recruit,2,George Wood,Jessica Macey,3,128,51,67,67,67,51,51,51,51,,,,,,,,,Alice Haynes,2,14:15 | Brighton | Twist Or Stick,16:00 | Kempton (AW) | Lexington Belle,,,,,,,,
,Wolverhampton (AW),18:10,Race And Rest - Wolverhampton Holiday Inn Maiden Fillies' Stakes (GBB Race),Class 5,7,"£3,672",Standard,AW,https://www.rp-assets.com/svg/9/9/2/302299.svg,6,4,Stay Sharp,2,Sean D Bowen,James Owen,1,128,19,41,41,41,41,41,41,41,45,,,,,,,,Jack Channon,1,14:45 | Brighton | Lord Montague,,,,,,,,,
,Wolverhampton (AW),18:10,Race And Rest - Wolverhampton Holiday Inn Maiden Fillies' Stakes (GBB Race),Class 5,7,"£3,672",Standard,AW,https://www.rp-assets.com/svg/1/8/7/14781.svg,6,5,Yasalam,2,Hollie Doyle,Archie Watson,4,128,3,5.5,5,5.5,5.5,5.5,5.5,5.5,,,,,,,,,Tony Carroll,10,14:45 | Brighton | Towerlands,15:45 | Brighton | Voltaic,15:45 | Brighton | Unknown Journey,16:15 | Brighton | River Wharfe,16:45 | Brighton | Tea Sea,16:45 | Brighton | Poetic Force,19:00 | Chepstow | You Are Everything,19:40 | Wolverhampton (AW) | Kento,19:40 | Wolverhampton (AW) | Second Collection,20:10 | Wolverhampton (AW) | Lequinto
,Wolverhampton (AW),18:10,Race And Rest - Wolverhampton Holiday Inn Maiden Fillies' Stakes (GBB Race),Class 5,7,"£3,672",Standard,AW,https://www.rp-assets.com/svg/2/5/2/359252.svg,6,6,Yy Spirit,2,Callum Rodriguez,Edward Bethell,6,128,17,8.5,10,8.5,8.5,8,8,8.5,,,,,,,,,Richard Hannon,5,14:45 | Brighton | Gennadius,15:00 | Kempton (AW) | Geodaisia,15:00 | Kempton (AW) | Hoe Benham,16:30 | Kempton (AW) | Carderock,17:05 | Kempton (AW) | Initial Blue,,,,,
,Wolverhampton (AW),18:40,Sam Worrall 40th Birthday Celebration Nursery Handicap,Class 5,7,"£3,978",Standard,AW,https://www.rp-assets.com/svg/8/5/9/359958.svg,6,1,Space Bear,2,Warren Fentiman(5),Marco Botti,3,135,4,4.5,4.5,4.5,4.33,4.33,4,4.33,14,,,,,,,,Charles Hills,3,14:45 | Brighton | Bee My Honey,18:00 | Chepstow | Kalokalo,17:05 | Kempton (AW) | Fort Augustus,,,,,,,
,Wolverhampton (AW),18:40,Sam Worrall 40th Birthday Celebration Nursery Handicap,Class 5,7,"£3,978",Standard,AW,https://www.rp-assets.com/svg/9/5/6/359659.svg,6,2,Phantom Watch,2,Hollie Doyle,Hugo Palmer,6,134,4,2.88,3,2.88,2.88,2.88,2.75,2.88,320,,,,,,,,Mike Murphy,2,14:45 | Brighton | Purpendicular,17:05 | Kempton (AW) | Baylando,,,,,,,,
,Wolverhampton (AW),18:40,Sam Worrall 40th Birthday Celebration Nursery Handicap,Class 5,7,"£3,978",Standard,AW,https://www.rp-assets.com/svg/3/2/2/359223.svg,6,3,Ibn Altheeb,2,Rossa Ryan,David Loughnane,1,127,8.5,15,12,15,13,13,13,13,285,,,,,,,,Adrian Wintle,3,15:15 | Brighton | Angel On High,19:00 | Chepstow | Ten Club,20:00 | Chepstow | Ravenglass,,,,,,,
,Wolverhampton (AW),18:40,Sam Worrall 40th Birthday Celebration Nursery Handicap,Class 5,7,"£3,978",Standard,AW,https://www.rp-assets.com/svg/d/6/9/50696d.svg,6,4,Baggot Street,2,Daniel Muscutt,Charlie Johnston,2,126,8,10,10,10,10,10,10,10,425324,,,,,,,,Jim Boyle,2,15:15 | Brighton | Irezumi,16:15 | Brighton | Blackbrook,,,,,,,,
,Wolverhampton (AW),18:40,Sam Worrall 40th Birthday Celebration Nursery Handicap,Class 5,7,"£3,978",Standard,AW,https://www.rp-assets.com/svg/3/0/0/357003.svg,6,5,Sporting Light,2,Oisin Orr,Richard Fahey,5,126,3,2.75,2.88,2.75,2.75,2.75,2.63,2.75,463322,,,,,,,,Julia & Shelley Birkett,1,15:15 | Brighton | Stintino Sunset,,,,,,,,,
,Wolverhampton (AW),18:40,Sam Worrall 40th Birthday Celebration Nursery Handicap,Class 5,7,"£3,978",Standard,AW,https://www.rp-assets.com/svg/3/2/5/352523.svg,6,6,Gunalt Wavelength,2,Joanna Mason,Michael & David Easterby,4,120,12,41,34,41,34,34,34,34,766,,,,,,,,Dylan Cunha,1,15:15 | Brighton | Edvard Grieg,,,,,,,,,
,Wolverhampton (AW),19:10,Bet Calculator At betcalculator.com Fillies' Handicap,Class 5,7,"£4,711",Standard,AW,https://www.rp-assets.com/svg/9/1/7/302719.svg,12,1,White Umbrella,6,Andrew Mullen,Christopher Kellett,9,140,11,11,11,11,11,10,10,11,644119,,,,,,,,Jim & Suzi Best,1,15:15 | Brighton | Foinix,,,,,,,,,
,Wolverhampton (AW),19:10,Bet Calculator At betcalculator.com Fillies' Handicap,Class 5,7,"£4,711",Standard,AW,https://www.rp-assets.com/svg/3/0/4/325403.svg,12,2,Little Keilee,5,Rossa Ryan,James Owen,8,138,4.5,6.5,6,6.5,6.5,5.5,6,6.5,227965,,,,,,,,Mark Gillard,1,15:45 | Brighton | Chourmo,,,,,,,,,
,Wolverhampton (AW),19:10,Bet Calculator At betcalculator.com Fillies' Handicap,Class 5,7,"£4,711",Standard,AW,https://www.rp-assets.com/svg/0/4/7/346740.svg,12,3,Noisy Music,4,Warren Fentiman(5),Michael Appleby,5,136,5,5.5,5.5,5.5,5,5,5,5,-46286,,,,,,,,Michael Keady,2,15:45 | Brighton | Mc'ted,18:00 | Chepstow | Sahm Naif,,,,,,,,
,Wolverhampton (AW),19:10,Bet Calculator At betcalculator.com Fillies' Handicap,Class 5,7,"£4,711",Standard,AW,https://www.rp-assets.com/svg/1/0/3/319301.svg,12,4,Glorious Kitty,3,Joanna Mason,Michael & David Easterby,10,134,29,23,23,21,23,21,21,21,-36077,,,,,,,,Richard Phillips,1,15:45 | Brighton | Fighting Poet,,,,,,,,,
,Wolverhampton (AW),19:10,Bet Calculator At betcalculator.com Fillies' Handicap,Class 5,7,"£4,711",Standard,AW,https://www.rp-assets.com/svg/4/8/5/308584.svg,12,5,Ornately,3,Daniel Muscutt,James Fanshawe,1,134,17,7.5,7.5,7.5,7,7,7,7,162977,,,,,,,,James Owen,5,15:45 | Brighton | Beautiful Dawn,16:45 | Brighton | B Associates,18:10 | Wolverhampton (AW) | Stay Sharp,19:10 | Wolverhampton (AW) | Little Keilee,20:40 | Wolverhampton (AW) | Haptics,,,,,
,Wolverhampton (AW),19:10,Bet Calculator At betcalculator.com Fillies' Handicap,Class 5,7,"£4,711",Standard,AW,https://www.rp-assets.com/svg/2/8/2/312282.svg,12,6,Miss Yorkshire,3,Connor Beasley,Gemma Tutty,4,133,9.5,15,15,15,15,13,12,15,2-3250,,,,,,,,Mark Usher,2,15:45 | Brighton | Bird About Town,16:15 | Brighton | Monks Mead,,,,,,,,
,Wolverhampton (AW),19:10,Bet Calculator At betcalculator.com Fillies' Handicap,Class 5,7,"£4,711",Standard,AW,https://www.rp-assets.com/svg/2/9/6/99692.svg,12,7,Kiss Me My Love,3,Mark Winn,Roger Fell,11,131,8.5,26,21,26,26,26,26,26,453528,,,,,,,,Michael Attwater,2,16:15 | Brighton | Bear To Dream,16:45 | Brighton | H Key Lails,,,,,,,,
,Wolverhampton (AW),19:10,Bet Calculator At betcalculator.com Fillies' Handicap,Class 5,7,"£4,711",Standard,AW,https://www.rp-assets.com/svg/b/4/1/353414b.svg,12,8,Addarella,3,Hollie Doyle,Marco Botti,2,131,17,12,12,11,12,10,11,12,865-,,,,,,,,Gay Kelleway,1,16:15 | Brighton | Manton Road,,,,,,,,,
,Wolverhampton (AW),19:10,Bet Calculator At betcalculator.com Fillies' Handicap,Class 5,7,"£4,711",Standard,AW,https://www.rp-assets.com/svg/2/5/2/218252.svg,12,9,Sharon Curly,3,Oisin Orr,Richard Fahey,7,130,5,6.5,6.5,6.5,6.5,6,5.5,6.5,421214,,,,,,,,Camilla Poulton,1,16:15 | Brighton | Run Joy Run,,,,,,,,,
,Wolverhampton (AW),19:10,Bet Calculator At betcalculator.com Fillies' Handicap,Class 5,7,"£4,711",Standard,AW,https://www.rp-assets.com/svg/1/6/7/353761.svg,12,10,Dream Illusion,3,Jack Nicholls(7),K R Burke,12,127,7.5,11,10,11,10,9.5,9,10,213655,,,,,,,,Eve Johnson Houghton,3,16:15 | Brighton | Rotation,14:30 | Kempton (AW) | Princess Honey Bee,15:30 | Kempton (AW) | Pave The Way,,,,,,,
,Wolverhampton (AW),19:10,Bet Calculator At betcalculator.com Fillies' Handicap,Class 5,7,"£4,711",Standard,AW,https://www.rp-assets.com/svg/1/3/8/40831.svg,12,11,Love You More,3,Jack Mitchell,Joseph Parr,6,127,29,26,29,23,21,26,23,21,6-566,,,,,,,,Rachel Cook & John Bridger,1,16:15 | Brighton | Miraflores,,,,,,,,,
,Wolverhampton (AW),19:10,Bet Calculator At betcalculator.com Fillies' Handicap,Class 5,7,"£4,711",Standard,AW,https://www.rp-assets.com/svg/0/5/8/304850.svg,12,12,Stacey Racey,4,Josephine Gordon,Keiran Burke,3,122,15,7.5,7,7.5,7,7,7,7,548045,,,,,,,,Warren Greatrex,1,16:45 | Brighton | Dandy G Boy,,,,,,,,,
,Wolverhampton (AW),19:40,Book Hotel And Conferencing At Wolverhampton Classified Stakes,Class 6,5,"£3,245",Standard,AW,https://www.rp-assets.com/svg/6/9/6/121696.svg,11,1,Black Cab,4,Joanna Mason,Alison Hamilton,7,135,10,13,13,13,13,13,13,13,751600,,,,,,,,Gary & Josh Moore,3,16:45 | Brighton | Gone Rogue,15:30 | Kempton (AW) | Thundering Breeze,16:30 | Kempton (AW) | Prince Rasam,,,,,,,
,Wolverhampton (AW),19:40,Book Hotel And Conferencing At Wolverhampton Classified Stakes,Class 6,5,"£3,245",Standard,AW,https://www.rp-assets.com/svg/0/7/9/49970.svg,11,2,Brazen Belle,7,Rowan Scott,Colin Teague,1,135,19,51,41,41,51,41,41,51,U58957,,,,,,,,William Haggas,1,17:30 | Chepstow | Berlinetta,,,,,,,,,
,Wolverhampton (AW),19:40,Book Hotel And Conferencing At Wolverhampton Classified Stakes,Class 6,5,"£3,245",Standard,AW,https://www.rp-assets.com/svg/6/8/6/356686.svg,11,3,Coast,6,Charlie Bennett,Scott Dixon,3,135,15,34,29,34,34,29,34,34,460-80,,,,,,,,Heather Main,4,17:30 | Chepstow | Cougar Force,18:30 | Chepstow | Zoulu Warrior,19:30 | Chepstow | Believe You Me,16:30 | Kempton (AW) | Landing Board,,,,,,
,Wolverhampton (AW),19:40,Book Hotel And Conferencing At Wolverhampton Classified Stakes,Class 6,5,"£3,245",Standard,AW,https://www.rp-assets.com/svg/0/7/8/255870.svg,11,4,Fumbleinthejungle,5,Sean Kirrane,John David Riches,10,135,19,34,29,34,34,29,34,34,080006,,,,,,,,Clive Cox,1,17:30 | Chepstow | Evie Ross,,,,,,,,,
,Wolverhampton (AW),19:40,Book Hotel And Conferencing At Wolverhampton Classified Stakes,Class 6,5,"£3,245",Standard,AW,https://www.rp-assets.com/svg/3/7/2/349273.svg,11,5,Green Valentine,4,Barry McHugh,Alan Brown,2,135,19,,,,,,,,-00000,,,,,,,,George Boughey,5,17:30 | Chepstow | Green Dame,14:30 | Kempton (AW) | Della Pace,15:30 | Kempton (AW) | Tuesdays Child,16:00 | Kempton (AW) | Cadarn,17:05 | Kempton (AW) | Francis Drake,,,,,
,Wolverhampton (AW),19:40,Book Hotel And Conferencing At Wolverhampton Classified Stakes,Class 6,5,"£3,245",Standard,AW,https://www.rp-assets.com/svg/b/1/5/328151b.svg,11,6,Kento,4,Rossa Ryan,Tony Carroll,6,135,3.75,3.5,3.75,3.5,3.25,3.25,3.25,3.25,108803,,,,,,,,Richard Hughes,2,17:30 | Chepstow | Sara Moon,15:00 | Kempton (AW) | Smartanck,,,,,,,,
,Wolverhampton (AW),19:40,Book Hotel And Conferencing At Wolverhampton Classified Stakes,Class 6,5,"£3,245",Standard,AW,https://www.rp-assets.com/svg/6/4/4/259446.svg,11,7,Sam's Hope,5,Hollie Doyle,Martin Dunne,4,135,5.5,3,2.88,2.88,3,2.75,2.88,3,727924,,,,,,,,John & Sean Quinn,2,17:30 | Chepstow | Soca Star,19:30 | Chepstow | Highfield Viking,,,,,,,,
,Wolverhampton (AW),19:40,Book Hotel And Conferencing At Wolverhampton Classified Stakes,Class 6,5,"£3,245",Standard,AW,https://www.rp-assets.com/svg/8/3/6/299638.svg,11,8,Second Collection,9,Josephine Gordon,Tony Carroll,9,135,10,19,19,19,19,19,19,19,623336,,,,,,,,George Scott,1,17:30 | Chepstow | Whiskey Kisses,,,,,,,,,
,Wolverhampton (AW),19:40,Book Hotel And Conferencing At Wolverhampton Classified Stakes,Class 6,5,"£3,245",Standard,AW,https://www.rp-assets.com/svg/9/3/9/313939.svg,11,9,The Defiant,9,Jack Dace(5),Luke Dace,11,135,7,6,6,6,6,5.5,5.5,6,454888,,,,,,,,Ralph Beckett,2,18:00 | Chepstow | Gypsy Beat,18:10 | Wolverhampton (AW) | Secret Of Life,,,,,,,,
,Wolverhampton (AW),19:40,Book Hotel And Conferencing At Wolverhampton Classified Stakes,Class 6,5,"£3,245",Standard,AW,https://www.rp-assets.com/svg/9/6/1/345169.svg,11,10,War Zone,4,Joey Haynes,Chelsea Banham,5,135,12,19,19,19,19,19,19,19,448997,,,,,,,,Archie Watson,5,18:00 | Chepstow | High Esteem,14:30 | Kempton (AW) | Very Demure,16:00 | Kempton (AW) | Grand Traverse,18:10 | Wolverhampton (AW) | Yasalam,20:40 | Wolverhampton (AW) | Typhoon Dancer,,,,,
,Wolverhampton (AW),19:40,Book Hotel And Conferencing At Wolverhampton Classified Stakes,Class 6,5,"£3,245",Standard,AW,https://www.rp-assets.com/svg/0/4/5/248540.svg,11,11,Sanbona,3,Connor Beasley,Michael Dods,8,133,5.5,8.5,7.5,8,8.5,8,7.5,8.5,635392,,,,,,,,Ed Walker,1,18:00 | Chepstow | Jeddaal,,,,,,,,,
,Wolverhampton (AW),20:10,Free Tips Daily On attheraces.com Handicap,Class 5,6,"£3,978",Standard,AW,https://www.rp-assets.com/svg/7/2/1/354127.svg,13,1,Lequinto,8,Matthew Lloyd Slater(7),Tony Carroll,12,135,8,,,,,,,,411136,,,,,,,,David Evans,1,18:00 | Chepstow | Coul Pearl,,,,,,,,,
,Wolverhampton (AW),20:10,Free Tips Daily On attheraces.com Handicap,Class 5,6,"£3,978",Standard,AW,https://www.rp-assets.com/svg/0/0/1/230100.svg,13,2,Sovereign Knight,4,Hollie Doyle,Rebecca Menzies,11,134,21,23,26,23,23,21,21,23,57-608,,,,,,,,Harry Charlton,3,18:00 | Chepstow | Queen Tamara,19:30 | Chepstow | Magical Merlin,17:05 | Kempton (AW) | Moderna,,,,,,,
,Wolverhampton (AW),20:10,Free Tips Daily On attheraces.com Handicap,Class 5,6,"£3,978",Standard,AW,https://www.rp-assets.com/svg/1/8/0/337081.svg,13,3,Daytona Lady,5,James Sullivan,Ruth Carr,9,133,7.5,6,6,6,6,6,5.5,6,783732,,,,,,,,Christopher Mason,2,18:30 | Chepstow | Pearl's Edge,19:00 | Chepstow | Outer Edge,,,,,,,,
,Wolverhampton (AW),20:10,Free Tips Daily On attheraces.com Handicap,Class 5,6,"£3,978",Standard,AW,https://www.rp-assets.com/svg/5/4/6/239645.svg,13,4,Muscika,11,Ben Robinson,David O'Meara,10,133,15,13,13,13,13,12,12,13,451963,,,,,,,,Grace Harris,3,18:30 | Chepstow | Over Spiced,18:30 | Chepstow | Savannah Smiles,19:00 | Chepstow | Saffredi,,,,,,,
,Wolverhampton (AW),20:10,Free Tips Daily On attheraces.com Handicap,Class 5,6,"£3,978",Standard,AW,https://www.rp-assets.com/svg/8/1/2/326218.svg,13,5,Minnesota Lad,5,Jordan Nason(3),Ivan Furtado,4,132,15,9,10,8.5,9,8.5,8,9,236548,,,,,,,,Dr Richard Newland & Jamie Insole,1,18:30 | Chepstow | Hidden Verse,,,,,,,,,
,Wolverhampton (AW),20:10,Free Tips Daily On attheraces.com Handicap,Class 5,6,"£3,978",Standard,AW,https://www.rp-assets.com/svg/7/9/5/276597.svg,13,6,Glory Hyde,4,Joanna Mason,Roger Fell,8,131,8,6,6,5.5,6,5.5,5.5,5.5,415842,,,,,,,,Michael Mullineaux,2,18:30 | Chepstow | Captain Bentley,19:30 | Chepstow | Mister McGregor,,,,,,,,
,Wolverhampton (AW),20:10,Free Tips Daily On attheraces.com Handicap,Class 5,6,"£3,978",Standard,AW,https://www.rp-assets.com/svg/b/8/1/235918b.svg,13,7,Havana Sky,4,Rossa Ryan,Ed Dunlop,5,130,3.5,2.75,2.75,2.75,2.75,2.63,2.63,2.75,576364,,,,,,,,Thomas Faulkner,1,18:30 | Chepstow | Fossos,,,,,,,,,
,Wolverhampton (AW),20:10,Free Tips Daily On attheraces.com Handicap,Class 5,6,"£3,978",Standard,AW,https://www.rp-assets.com/svg/2/3/2/298232.svg,13,8,Bill Plumb,6,Daniel Muscutt,Phil McEntee,6,130,6,10,10,10,10,9.5,9,10,626256,,,,,,,,Jack Morland,1,19:00 | Chepstow | Wallop,,,,,,,,,
,Wolverhampton (AW),20:10,Free Tips Daily On attheraces.com Handicap,Class 5,6,"£3,978",Standard,AW,https://www.rp-assets.com/svg/3/6/9/332963.svg,13,9,Candy Warhol,6,Charlie Bennett,Scott Dixon,2,128,21,23,23,23,23,21,21,23,223167,,,,,,,,Max Young,1,19:00 | Chepstow | Haworth Star,,,,,,,,,
,Wolverhampton (AW),20:10,Free Tips Daily On attheraces.com Handicap,Class 5,6,"£3,978",Standard,AW,https://www.rp-assets.com/svg/0/7/8/255870.svg,13,10,Evocative Spark,6,Sean Kirrane,John David Riches,13,127,11,15,13,15,15,15,15,15,0-9893,,,,,,,,John & Rhys Flint,1,19:00 | Chepstow | Vape,,,,,,,,,
,Wolverhampton (AW),20:10,Free Tips Daily On attheraces.com Handicap,Class 5,6,"£3,978",Standard,AW,https://www.rp-assets.com/svg/2/5/5/275552.svg,13,11,Watermelon Sugar,6,Joey Haynes,Chelsea Banham,7,127,34,67,67,67,67,67,51,67,-12900,,,,,,,,Seb Spencer,1,19:30 | Chepstow | Jenni,,,,,,,,,
,Wolverhampton (AW),20:10,Free Tips Daily On attheraces.com Handicap,Class 5,6,"£3,978",Standard,AW,https://www.rp-assets.com/svg/5/7/8/22875.svg,13,12,Dark Side Prince,8,George Wood,Jessica Macey,1,125,9.5,19,17,19,19,17,19,19,7-7332,,,,,,,,Roger Teal,1,20:00 | Chepstow | Midsummer Music,,,,,,,,,
,Wolverhampton (AW),20:10,Free Tips Daily On attheraces.com Handicap,Class 5,6,"£3,978",Standard,AW,https://www.rp-assets.com/svg/4/1/3/96314.svg,13,13,Edgewater Drive,4,Paula Muir(3),Wilf Storey,3,125,19,29,21,29,29,26,29,29,/8114-,,,,,,,,J S Moore,1,20:00 | Chepstow | Thiscouldbefun,,,,,,,,,
,Wolverhampton (AW),20:40,attheraces.com/marketmovers Handicap,Class 5,12,"£3,978",Standard,AW,https://www.rp-assets.com/svg/6/6/2/348266.svg,8,1,Haptics,5,Rossa Ryan,James Owen,2,142,7,10,11,9.5,10,10,10,10,352640,,,,,,,,Jamie Osborne,2,20:00 | Chepstow | Moonlight Bomb,16:00 | Kempton (AW) | Wodao,,,,,,,,
,Wolverhampton (AW),20:40,attheraces.com/marketmovers Handicap,Class 5,12,"£3,978",Standard,AW,https://www.rp-assets.com/svg/8/6/2/358268.svg,8,2,Percy Jones,6,Daniel Muscutt,Mark Loughnane,7,141,6,8.5,8.5,8.5,8.5,8.5,8.5,8.5,-82426,,,,,,,,John O'Shea,1,20:00 | Chepstow | Letter Of The Law,,,,,,,,,
,Wolverhampton (AW),20:40,attheraces.com/marketmovers Handicap,Class 5,12,"£3,978",Standard,AW,https://www.rp-assets.com/svg/9/9/0/333099.svg,8,3,Lightning Touch,4,Jack Mitchell,Roger Varian,3,139,5,5,5.5,5,5,5,5,5,44/524,,,,,,,,Ollie Sangster,2,14:30 | Kempton (AW) | Red Tsarina,18:10 | Wolverhampton (AW) | Hayynah,,,,,,,,
,Wolverhampton (AW),20:40,attheraces.com/marketmovers Handicap,Class 5,12,"£3,978",Standard,AW,https://www.rp-assets.com/svg/6/7/7/285776.svg,8,4,Cracker Star,4,Rowan Scott,Ewan Whillans,4,137,41,41,51,41,41,41,41,41,221-90,,,,,,,,Charlie Johnston,2,14:30 | Kempton (AW) | Sweet Love,18:40 | Wolverhampton (AW) | Baggot Street,,,,,,,,
,Wolverhampton (AW),20:40,attheraces.com/marketmovers Handicap,Class 5,12,"£3,978",Standard,AW,https://www.rp-assets.com/svg/4/4/6/245644.svg,8,5,Golden Move,5,Andrew Mullen,Christopher Kellett,5,137,34,41,51,41,41,41,41,41,033/09,,,,,,,,Ivan Furtado,3,14:30 | Kempton (AW) | Alkumatic Jo Jo,17:05 | Kempton (AW) | Nimble Nasher,20:10 | Wolverhampton (AW) | Minnesota Lad,,,,,,,
,Wolverhampton (AW),20:40,attheraces.com/marketmovers Handicap,Class 5,12,"£3,978",Standard,AW,https://www.rp-assets.com/svg/2/0/5/339502.svg,8,6,Team Player,3,Connor Beasley,Gemma Tutty,1,132,2.88,2.75,2.75,2.75,2.63,2.63,2.5,2.63,748132,,,,,,,,Daisy Hitchins,2,14:30 | Kempton (AW) | Ethereal Charm,16:30 | Kempton (AW) | As Fast As Wind,,,,,,,,
,Wolverhampton (AW),20:40,attheraces.com/marketmovers Handicap,Class 5,12,"£3,978",Standard,AW,https://www.rp-assets.com/svg/6/7/3/357376.svg,8,7,Is I Right,3,Adam Farragher,James Horton,8,130,8,8.5,8.5,8.5,8.5,8.5,8.5,8.5,-41466,,,,,,,,Andrew Balding,2,15:00 | Kempton (AW) | Allegresse,16:30 | Kempton (AW) | Karthon,,,,,,,,
,Wolverhampton (AW),20:40,attheraces.com/marketmovers Handicap,Class 5,12,"£3,978",Standard,AW,https://www.rp-assets.com/svg/0/2/8/285820.svg,8,8,Typhoon Dancer,3,Hollie Doyle,Archie Watson,6,129,5.5,5,4.33,5,5,5,5,5,44636,,,,,,,,Kevin Philippart De Foy,1,15:00 | Kempton (AW) | Previous,,,,,,,,,
,Roscommon,17:20,QuinnBet Optional Claiming Race,,10.5,5900,Good,Turf,https://www.rp-assets.com/svg/b/8/2/40028b.svg,15,1,Ozark Daze,4,James Ryan,Jack W Davison,7,142,13,12,11,12,12,11,11,12,034059,,,,,,,,Marcus Tregoning,1,15:00 | Kempton (AW) | Receding,,,,,,,,,
,Roscommon,17:20,QuinnBet Optional Claiming Race,,10.5,5900,Good,Turf,https://www.rp-assets.com/svg/1/6/7/308761.svg,15,2,Powerful Hook Head,4,Declan McDonogh,Joseph Patrick O'Brien,1,142,17,19,19,19,19,19,17,19,0-0440,,,,,,,,Sir Mark Prescott Bt,1,15:00 | Kempton (AW) | Favourite Friend,,,,,,,,,
,Roscommon,17:20,QuinnBet Optional Claiming Race,,10.5,5900,Good,Turf,https://www.rp-assets.com/svg/6/1/2/46216.svg,15,3,Dun An Oir,3,Shane Foley,Mrs John Harrington,11,135,7.5,5,5,5,4.5,4.33,4.5,4.5,0587,,,,,,,,Michael Bell,2,15:00 | Kempton (AW) | Loose Connection,15:30 | Kempton (AW) | Bayadere,,,,,,,,
,Roscommon,17:20,QuinnBet Optional Claiming Race,,10.5,5900,Good,Turf,https://www.rp-assets.com/svg/c/2/0/118202c.svg,15,4,Theophilos,6,Colin Keane,Gerard Keane,14,134,4,4,3.75,4,3.75,3.25,3.25,3.75,325025,,,,,,,,Roger Varian,2,15:30 | Kempton (AW) | The New Bay Pearl,20:40 | Wolverhampton (AW) | Lightning Touch,,,,,,,,
,Roscommon,17:20,QuinnBet Optional Claiming Race,,10.5,5900,Good,Turf,https://www.rp-assets.com/svg/1/0/1/355101.svg,15,5,Cheers Again,6,Dylan Browne McMonagle,Paul W Flynn,4,131,2.25,,,,,,,,086035,,,,,,,,Ismail Mohammed,1,15:30 | Kempton (AW) | Fast Bullet,,,,,,,,,
,Roscommon,17:20,QuinnBet Optional Claiming Race,,10.5,5900,Good,Turf,https://www.rp-assets.com/svg/5/0/7/150705.svg,15,6,Aingeal Dorcha,7,Andrew Slattery,Andrew Slattery,3,129,13,,,,,,,,00305/,,,,,,,,Jonathan Portman,1,15:30 | Kempton (AW) | Bizou,,,,,,,,,
,Roscommon,17:20,QuinnBet Optional Claiming Race,,10.5,5900,Good,Turf,https://www.rp-assets.com/svg/c/7/2/230927c.svg,15,7,Mono River,4,J M Sheridan,Denis Gerard Hogan,12,128,21,8.5,9,8.5,8,8,8,8,688560,,,,,,,,William Muir & Chris Grassick,1,15:30 | Kempton (AW) | Dollyana,,,,,,,,,
,Roscommon,17:20,QuinnBet Optional Claiming Race,,10.5,5900,Good,Turf,https://www.rp-assets.com/svg/9/4/8/54849.svg,15,8,Adial Kedo,4,Patrick McGettigan(7),Rory Anthony Devine,13,126,34,17,13,15,17,15,15,17,46,,,,,,,,Simon Dow,2,15:30 | Kempton (AW) | Tronido,16:30 | Kempton (AW) | Jack Langley,,,,,,,,
,Roscommon,17:20,QuinnBet Optional Claiming Race,,10.5,5900,Good,Turf,https://www.rp-assets.com/svg/3/8/0/150083.svg,15,9,La Tulipe Noire,5,Seamie Heffernan,Aengus King,15,126,29,29,26,29,29,26,26,29,497440,,,,,,,,Georgina Nicholls,1,15:30 | Kempton (AW) | Shirazi,,,,,,,,,
,Roscommon,17:20,QuinnBet Optional Claiming Race,,10.5,5900,Good,Turf,https://www.rp-assets.com/svg/2/1/0/332012.svg,15,10,Porsche Lad,4,Sean Davis,C Byrnes,10,126,7.5,5.5,5.5,5.5,5.5,5,4.5,5.5,0-1203,,,,,,,,Ian Williams,1,15:30 | Kempton (AW) | Lady Of Alaska,,,,,,,,,
,Roscommon,17:20,QuinnBet Optional Claiming Race,,10.5,5900,Good,Turf,https://www.rp-assets.com/svg/9/7/2/349279.svg,15,11,Vervain,3,Gary Carroll,Joseph G Murphy,5,126,11,,,,,,,,807319,,,,,,,,Michael Appleby,2,16:00 | Kempton (AW) | Baldomero,19:10 | Wolverhampton (AW) | Noisy Music,,,,,,,,
,Roscommon,17:20,QuinnBet Optional Claiming Race,,10.5,5900,Good,Turf,https://www.rp-assets.com/svg/8/8/5/303588.svg,15,12,Oranzona,3,Nathan Crosse,Ms Sheila Lavery,8,122,21,41,34,41,41,41,34,41,08-066,,,,,,,,Saeed bin Suroor,1,16:00 | Kempton (AW) | Dubai Beach,,,,,,,,,
,Roscommon,17:20,QuinnBet Optional Claiming Race,,10.5,5900,Good,Turf,https://www.rp-assets.com/svg/d/0/9/247090d.svg,15,13,Can I Kiss You,3,Rory Mulligan(7),James M Barrett,6,119,19,11,11,11,10,9,9,10,5857,,,,,,,,Joseph Parr,2,16:00 | Kempton (AW) | Tennessee Gold,19:10 | Wolverhampton (AW) | Love You More,,,,,,,,
,Roscommon,17:20,QuinnBet Optional Claiming Race,,10.5,5900,Good,Turf,https://www.rp-assets.com/svg/9/4/9/44949.svg,15,14,Tortola,3,Chris Hayes,Josh Halley,2,119,26,21,19,21,21,19,19,21,080-0,,,,,,,,Rod Millman,1,16:00 | Kempton (AW) | Tadreeb,,,,,,,,,
,Roscommon,17:20,QuinnBet Optional Claiming Race,,10.5,5900,Good,Turf,https://www.rp-assets.com/svg/7/3/5/334537.svg,15,R15,Sobriety Blue,4,,Andrew Slattery,9,126,23,13,13,13,13,11,11,13,0-0706,,,,,,,,John Mackie,1,16:30 | Kempton (AW) | Distinction,,,,,,,,,
,Roscommon,17:50,Irish Stallion Farms EBF Maiden,,7.5,10620,Good,Turf,https://www.rp-assets.com/svg/b/6/0/317706b.svg,11,1,Badger's Cove,2,Robbie Colgan,Kevin Thomas Coleman,8,133,34,67,51,51,51,67,51,51,96,,,,,,,,John Gallagher,1,16:30 | Kempton (AW) | Drumstick,,,,,,,,,
,Roscommon,17:50,Irish Stallion Farms EBF Maiden,,7.5,10620,Good,Turf,https://www.rp-assets.com/svg/f/9/3/205339f.svg,11,2,Echo Of Faith,2,Shane Foley,Mrs John Harrington,3,133,10,6,6.5,5,5,6,5,5,84,,,,,,,,Anthony Charlton,1,16:30 | Kempton (AW) | King Of The Bronx,,,,,,,,,
,Roscommon,17:50,Irish Stallion Farms EBF Maiden,,7.5,10620,Good,Turf,https://www.rp-assets.com/svg/z/7/8/20887z.svg,11,3,Nod Of Approval,2,Scott McCullagh,Mrs John Harrington,4,133,8.5,10,10,10,10,10,10,10,60,,,,,,,,John Butler,2,16:30 | Kempton (AW) | Uzincso,17:05 | Kempton (AW) | Improve Your Move,,,,,,,,
,Roscommon,17:50,Irish Stallion Farms EBF Maiden,,7.5,10620,Good,Turf,https://www.rp-assets.com/svg/d/1/2/249321d.svg,11,4,Idiocracy,2,Dylan Browne McMonagle,Joseph Patrick O'Brien,2,128,8.5,7,7,7,6.5,6,6.5,6.5,96,,,,,,,,Damien Wingrove,1,16:30 | Kempton (AW) | Racing Country,,,,,,,,,
,Roscommon,17:50,Irish Stallion Farms EBF Maiden,,7.5,10620,Good,Turf,https://www.rp-assets.com/svg/7/0/9/292907.svg,11,5,Kuma Queen,2,Leigh Roche,Paul Stafford,7,128,101,101,101,101,101,101,101,101,70,,,,,,,,Dominic Ffrench Davis,1,16:30 | Kempton (AW) | Tequila Star,,,,,,,,,
,Roscommon,17:50,Irish Stallion Farms EBF Maiden,,7.5,10620,Good,Turf,https://www.rp-assets.com/svg/3/9/0/25093.svg,11,6,Lazy River,2,Nicola Burns(7),J G Coogan,11,128,101,101,101,101,101,101,101,101,090,,,,,,,,Jack Jones,1,17:05 | Kempton (AW) | Rogue Dancer,,,,,,,,,
,Roscommon,17:50,Irish Stallion Farms EBF Maiden,,7.5,10620,Good,Turf,https://www.rp-assets.com/svg/1/0/4/186401.svg,11,7,Lonradh,2,Declan McDonogh,J S Bolger,10,128,26,29,29,29,29,29,29,29,880,,,,,,,,William Knight,1,17:05 | Kempton (AW) | Bintofie,,,,,,,,,
,Roscommon,17:50,Irish Stallion Farms EBF Maiden,,7.5,10620,Good,Turf,https://www.rp-assets.com/svg/1/4/7/272741.svg,11,8,Parallax,2,Andrew Slattery,Josh Halley,1,128,21,34,26,29,29,34,29,29,546,,,,,,,,Charlie Fellowes,1,17:05 | Kempton (AW) | Saytarr,,,,,,,,,
,Roscommon,17:50,Irish Stallion Farms EBF Maiden,,7.5,10620,Good,Turf,https://www.rp-assets.com/svg/5/2/3/358325.svg,11,9,Spinning Around,2,Gavin Ryan,Donnacha Aidan O'Brien,5,128,2.88,3.5,3.25,3.5,3.25,3.25,3.25,3.25,54,,,,,,,,Amanda Perrett,1,17:05 | Kempton (AW) | South Shore Island,,,,,,,,,
,Roscommon,17:50,Irish Stallion Farms EBF Maiden,,7.5,10620,Good,Turf,https://www.rp-assets.com/svg/2/7/8/359872.svg,11,10,Tahcawin,2,Gary Carroll,Joseph G Murphy,9,128,3.75,4.5,4.5,4.5,4.5,4.5,4.5,4.5,54,,,,,,,,Martin Dunne,2,17:05 | Kempton (AW) | Ballsgrove Boy,19:40 | Wolverhampton (AW) | Sam's Hope,,,,,,,,
,Roscommon,17:50,Irish Stallion Farms EBF Maiden,,7.5,10620,Good,Turf,https://www.rp-assets.com/svg/1/2/9/238921.svg,11,11,Tharaka,2,N G McCullagh,K J Condon,6,128,4,5.5,5.5,5.5,5.5,5.5,5.5,5.5,03,,,,,,,,Jessica Macey,2,18:10 | Wolverhampton (AW) | Smart Recruit,20:10 | Wolverhampton (AW) | Dark Side Prince,,,,,,,,
,Roscommon,18:20,Irish EBF Auction Series Race (IRE Incentive Race),,7.5,15930,Good,Turf,https://www.rp-assets.com/svg/2/2/7/360722.svg,6,1,Pierre Grosse,2,Shane Foley,Mrs John Harrington,5,135,3.75,3.5,3.5,3.5,3.5,3.5,3.5,3.5,4,,,,,,,,Edward Bethell,1,18:10 | Wolverhampton (AW) | Yy Spirit,,,,,,,,,
,Roscommon,18:20,Irish EBF Auction Series Race (IRE Incentive Race),,7.5,15930,Good,Turf,https://www.rp-assets.com/svg/0/0/4/33400.svg,6,2,Check This Out,2,Colin Keane,Noel Meade,4,132,2.75,3.75,3.5,3.75,3.75,3.5,3.5,3.75,21,,,,,,,,Marco Botti,2,18:40 | Wolverhampton (AW) | Space Bear,19:10 | Wolverhampton (AW) | Addarella,,,,,,,,
,Roscommon,18:20,Irish EBF Auction Series Race (IRE Incentive Race),,7.5,15930,Good,Turf,https://www.rp-assets.com/svg/2/3/1/360132.svg,6,3,Duke Of Cumberland,2,Declan McDonogh,Joseph Patrick O'Brien,2,131,4,3.75,3.75,3.5,3.5,3.75,3.5,3.5,93,,,,,,,,Hugo Palmer,1,18:40 | Wolverhampton (AW) | Phantom Watch,,,,,,,,,
,Roscommon,18:20,Irish EBF Auction Series Race (IRE Incentive Race),,7.5,15930,Good,Turf,https://www.rp-assets.com/svg/8/8/0/360088.svg,6,4,Giovanni Giorgio,2,Dylan Browne McMonagle,Joseph Patrick O'Brien,6,131,3.75,3.75,4,3.75,3.75,3.75,3.75,3.75,8,,,,,,,,David Loughnane,1,18:40 | Wolverhampton (AW) | Ibn Altheeb,,,,,,,,,
,Roscommon,18:20,Irish EBF Auction Series Race (IRE Incentive Race),,7.5,15930,Good,Turf,https://www.rp-assets.com/svg/b/6/0/317706b.svg,6,5,Egyptian Pharaoh,2,Robbie Colgan,Kevin Thomas Coleman,3,127,23,67,51,67,51,51,51,51,,,,,,,,,Richard Fahey,2,18:40 | Wolverhampton (AW) | Sporting Light,19:10 | Wolverhampton (AW) | Sharon Curly,,,,,,,,
,Roscommon,18:20,Irish EBF Auction Series Race (IRE Incentive Race),,7.5,15930,Good,Turf,https://www.rp-assets.com/svg/1/2/3/316321.svg,6,6,Fortis Puer,2,Rory Cleary,Dermot Kilmartin,1,125,67,81,81,81,81,81,81,81,8,,,,,,,,Michael & David Easterby,2,18:40 | Wolverhampton (AW) | Gunalt Wavelength,19:10 | Wolverhampton (AW) | Glorious Kitty,,,,,,,,
,Roscommon,18:50,"SIS, Supporting Irish Racing Fillies & Mares Maiden",,7.5,7375,Good,Turf,https://www.rp-assets.com/svg/9/9/4/196499.svg,11,1,Vocology,4,James Ryan,Thomas Coyle,10,135,34,51,51,51,51,41,51,51,,,,,,,,,Christopher Kellett,2,19:10 | Wolverhampton (AW) | White Umbrella,20:40 | Wolverhampton (AW) | Golden Move,,,,,,,,
,Roscommon,18:50,"SIS, Supporting Irish Racing Fillies & Mares Maiden",,7.5,7375,Good,Turf,https://www.rp-assets.com/svg/2/5/1/296152.svg,11,2,Alishba,3,Seamie Heffernan,Brian Francis Cawley,4,129,101,,,,,,,,008-07,,,,,,,,James Fanshawe,1,19:10 | Wolverhampton (AW) | Ornately,,,,,,,,,
,Roscommon,18:50,"SIS, Supporting Irish Racing Fillies & Mares Maiden",,7.5,7375,Good,Turf,https://www.rp-assets.com/svg/1/6/4/360461.svg,11,3,Faberi,3,Gary Carroll,Ms Sheila Lavery,7,129,23,23,23,23,21,21,21,21,8-07,,,,,,,,Gemma Tutty,2,19:10 | Wolverhampton (AW) | Miss Yorkshire,20:40 | Wolverhampton (AW) | Team Player,,,,,,,,
,Roscommon,18:50,"SIS, Supporting Irish Racing Fillies & Mares Maiden",,7.5,7375,Good,Turf,https://www.rp-assets.com/svg/b/6/2/312626b.svg,11,4,Perfect Base,3,Wayne Lordan,Miss Natalia Lupini,3,129,4.5,4,4,4,3.75,3.5,3.75,3.75,6-20,,,,,,,,Roger Fell,2,19:10 | Wolverhampton (AW) | Kiss Me My Love,20:10 | Wolverhampton (AW) | Glory Hyde,,,,,,,,
,Roscommon,18:50,"SIS, Supporting Irish Racing Fillies & Mares Maiden",,7.5,7375,Good,Turf,https://www.rp-assets.com/svg/g/5/5/60055g.svg,11,5,Proxima Centauri,3,Shane Foley,Mrs John Harrington,6,129,2.1,2.38,2.38,2.25,2.38,2.38,2.38,2.38,534-5,,,,,,,,K R Burke,1,19:10 | Wolverhampton (AW) | Dream Illusion,,,,,,,,,
,Roscommon,18:50,"SIS, Supporting Irish Racing Fillies & Mares Maiden",,7.5,7375,Good,Turf,https://www.rp-assets.com/svg/8/0/7/288708.svg,11,6,Ready To Mingle,3,Nathan Crosse,W McCreery,2,129,11,13,13,13,13,13,13,13,,,,,,,,,Keiran Burke,1,19:10 | Wolverhampton (AW) | Stacey Racey,,,,,,,,,
,Roscommon,18:50,"SIS, Supporting Irish Racing Fillies & Mares Maiden",,7.5,7375,Good,Turf,https://www.rp-assets.com/svg/c/0/4/230540c.svg,11,7,Roudha,3,J M Sheridan,Denis Gerard Hogan,8,129,101,101,101,101,101,81,101,101,00,,,,,,,,Alison Hamilton,1,19:40 | Wolverhampton (AW) | Black Cab,,,,,,,,,
,Roscommon,18:50,"SIS, Supporting Irish Racing Fillies & Mares Maiden",,7.5,7375,Good,Turf,https://www.rp-assets.com/svg/1/7/1/347171.svg,11,8,Suerte,3,Robbie Colgan,Ms Sheila Lavery,1,129,11,11,12,11,10,11,10,10,-24507,,,,,,,,Colin Teague,1,19:40 | Wolverhampton (AW) | Brazen Belle,,,,,,,,,
,Roscommon,18:50,"SIS, Supporting Irish Racing Fillies & Mares Maiden",,7.5,7375,Good,Turf,https://www.rp-assets.com/svg/b/7/7/62677b.svg,11,9,Syzygy,3,Ben Coen,Daniel McLoughlin,5,129,26,34,34,34,34,29,34,34,0-,,,,,,,,Scott Dixon,2,19:40 | Wolverhampton (AW) | Coast,20:10 | Wolverhampton (AW) | Candy Warhol,,,,,,,,
,Roscommon,18:50,"SIS, Supporting Irish Racing Fillies & Mares Maiden",,7.5,7375,Good,Turf,https://www.rp-assets.com/svg/b/8/9/165898b.svg,11,10,Thru The Gap,3,Jack Kearney(3),Patrick Magee,11,129,23,29,29,29,29,26,29,29,86,,,,,,,,John David Riches,2,19:40 | Wolverhampton (AW) | Fumbleinthejungle,20:10 | Wolverhampton (AW) | Evocative Spark,,,,,,,,
,Roscommon,18:50,"SIS, Supporting Irish Racing Fillies & Mares Maiden",,7.5,7375,Good,Turf,https://www.rp-assets.com/svg/6/1/5/193516.svg,11,11,Tina's Charm,3,Chris Hayes,D K Weld,9,129,3.5,5,4.33,5,4.5,4.33,4.33,4.33,76,,,,,,,,Alan Brown,1,19:40 | Wolverhampton (AW) | Green Valentine,,,,,,,,,
,Roscommon,19:20,WTW Willis Handicap,,7.5,9440,Good,Turf,https://www.rp-assets.com/svg/2/2/4/204422.svg,13,1,Four Blondes,4,Shane Foley,Ross O'Sullivan,11,140,8.5,8.5,9,8.5,8.5,8.5,8.5,8.5,002748,,,,,,,,Luke Dace,1,19:40 | Wolverhampton (AW) | The Defiant,,,,,,,,,
,Roscommon,19:20,WTW Willis Handicap,,7.5,9440,Good,Turf,https://www.rp-assets.com/svg/8/9/0/232098.svg,13,2,Anvika,4,Robbie Colgan,Ms Sheila Lavery,6,138,8,10,10,10,10,9.5,10,10,266253,,,,,,,,Chelsea Banham,2,19:40 | Wolverhampton (AW) | War Zone,20:10 | Wolverhampton (AW) | Watermelon Sugar,,,,,,,,
,Roscommon,19:20,WTW Willis Handicap,,7.5,9440,Good,Turf,https://www.rp-assets.com/svg/0/5/8/169850.svg,13,3,Engines On,5,Chris Hayes,John Andrew Kinsella,1,138,3,4.5,4,4.5,4.5,4,4,4.5,0031-1,,,,,,,,Michael Dods,1,19:40 | Wolverhampton (AW) | Sanbona,,,,,,,,,
,Roscommon,19:20,WTW Willis Handicap,,7.5,9440,Good,Turf,https://www.rp-assets.com/svg/3/5/2/187253.svg,13,4,Glyndwr,3,Nicola Burns(7),G M Lyons,7,136,11,12,13,12,12,11,11,12,-80358,,,,,,,,Rebecca Menzies,1,20:10 | Wolverhampton (AW) | Sovereign Knight,,,,,,,,,
,Roscommon,19:20,WTW Willis Handicap,,7.5,9440,Good,Turf,https://www.rp-assets.com/svg/4/5/5/343554.svg,13,5,Ramiro,9,W J Lee,Miss Hilary McLoughlin,4,135,21,,,,,,,,4510-0,,,,,,,,Ruth Carr,1,20:10 | Wolverhampton (AW) | Daytona Lady,,,,,,,,,
,Roscommon,19:20,WTW Willis Handicap,,7.5,9440,Good,Turf,https://www.rp-assets.com/svg/9/0/9/333909.svg,13,6,Bundle Of Interest,3,Dylan Browne McMonagle,W McCreery,3,131,19,12,13,12,12,11,11,12,69-710,,,,,,,,David O'Meara,1,20:10 | Wolverhampton (AW) | Muscika,,,,,,,,,
,Roscommon,19:20,WTW Willis Handicap,,7.5,9440,Good,Turf,https://www.rp-assets.com/svg/6/8/9/205986.svg,13,7,Ransom,8,Luke McAteer,P Sweeney,2,131,17,13,13,12,12,13,12,12,300158,,,,,,,,Ed Dunlop,1,20:10 | Wolverhampton (AW) | Havana Sky,,,,,,,,,
,Roscommon,19:20,WTW Willis Handicap,,7.5,9440,Good,Turf,https://www.rp-assets.com/svg/b/7/2/118327b.svg,13,8,Spent All Me Money,3,Colin Keane,Adrian Sexton,12,131,3.75,4.33,4.33,4.33,4.33,4,4.33,4.33,501431,,,,,,,,Phil McEntee,1,20:10 | Wolverhampton (AW) | Bill Plumb,,,,,,,,,
,Roscommon,19:20,WTW Willis Handicap,,7.5,9440,Good,Turf,https://www.rp-assets.com/svg/5/2/9/314925.svg,13,9,Free Solo,8,Ben Coen,P J F Murphy,5,130,11,13,12,13,13,12,12,13,617244,,,,,,,,Wilf Storey,1,20:10 | Wolverhampton (AW) | Edgewater Drive,,,,,,,,,
,Roscommon,19:20,WTW Willis Handicap,,7.5,9440,Good,Turf,https://www.rp-assets.com/svg/8/9/9/323998.svg,13,10,Lady Arwen,6,Jack Cleary(5),Conor O'Dwyer,8,126,23,11,12,11,11,10,11,11,8437-0,,,,,,,,Mark Loughnane,1,20:40 | Wolverhampton (AW) | Percy Jones,,,,,,,,,
,Roscommon,19:20,WTW Willis Handicap,,7.5,9440,Good,Turf,https://www.rp-assets.com/svg/0/9/2/357290.svg,13,11,William F Browne,3,Gary Carroll,Paul W Flynn,13,125,6.5,9,9,9,9,8.5,9,9,-06902,,,,,,,,Ewan Whillans,1,20:40 | Wolverhampton (AW) | Cracker Star,,,,,,,,,
,Roscommon,19:20,WTW Willis Handicap,,7.5,9440,Good,Turf,https://www.rp-assets.com/svg/6/1/7/333716.svg,13,12,Run Forrest Run,7,Robert Whearty(3),Thomas Coyle,10,122,34,26,26,26,23,21,26,23,5-0389,,,,,,,,James Horton,1,20:40 | Wolverhampton (AW) | Is I Right,,,,,,,,,
,Roscommon,19:20,WTW Willis Handicap,,7.5,9440,Good,Turf,https://www.rp-assets.com/svg/9/1/2/360219.svg,13,13,Smaoineamh Sile,7,Leigh Roche,Conor David Maxwell,9,121,34,41,41,41,41,34,41,41,010400,,,,,,,,Jack W Davison,2,17:20 | Roscommon | Ozark Daze,19:50 | Roscommon | Sea Lantern,,,,,,,,
,Roscommon,19:50,District Speciality Coffee Apprentice Maiden,,12,7080,Good,Turf,https://www.rp-assets.com/svg/b/7/2/338627b.svg,10,1,Master Sydney,4,Jack Cleary(2),Paul W Flynn,4,138,15,,,,,,,,93,,,,,,,,Joseph Patrick O'Brien,4,17:20 | Roscommon | Powerful Hook Head,17:50 | Roscommon | Idiocracy,18:20 | Roscommon | Duke Of Cumberland,18:20 | Roscommon | Giovanni Giorgio,,,,,,
,Roscommon,19:50,District Speciality Coffee Apprentice Maiden,,12,7080,Good,Turf,https://www.rp-assets.com/svg/n/4/3/252234n.svg,10,2,Bryant,3,Sam Coen(4),Adrian Murray,8,134,7,5,4.5,5,4.33,4.33,4.33,4.5,4-236,,,,,,,,Mrs John Harrington,7,17:20 | Roscommon | Dun An Oir,17:50 | Roscommon | Echo Of Faith,17:50 | Roscommon | Nod Of Approval,18:20 | Roscommon | Pierre Grosse,18:50 | Roscommon | Proxima Centauri,19:50 | Roscommon | Sears Crossing,20:20 | Roscommon | Beauty Generation,,,
,Roscommon,19:50,District Speciality Coffee Apprentice Maiden,,12,7080,Good,Turf,https://www.rp-assets.com/svg/d/4/2/315224d.svg,10,3,Devine Genius,3,Nicola Burns(4),Adrian Murray,9,134,19,21,21,21,21,21,21,21,0836-,,,,,,,,Gerard Keane,2,17:20 | Roscommon | Theophilos,20:20 | Roscommon | Art Of Silence,,,,,,,,
,Roscommon,19:50,District Speciality Coffee Apprentice Maiden,,12,7080,Good,Turf,https://www.rp-assets.com/svg/b/5/3/118835b.svg,10,4,Sea Lantern,3,Paddy Harnett(2),Jack W Davison,10,134,21,19,17,19,17,15,17,17,,,,,,,,,Paul W Flynn,4,17:20 | Roscommon | Cheers Again,19:20 | Roscommon | William F Browne,19:50 | Roscommon | Master Sydney,20:20 | Roscommon | Ms Messi,,,,,,
,Roscommon,19:50,District Speciality Coffee Apprentice Maiden,,12,7080,Good,Turf,https://www.rp-assets.com/svg/d/8/2/159428d.svg,10,5,Sears Crossing,3,Keithen Kennedy,Mrs John Harrington,3,134,5,4.5,4.33,4.5,4.33,4.33,4.33,4.33,653,,,,,,,,Andrew Slattery,2,17:20 | Roscommon | Aingeal Dorcha,17:20 | Roscommon | Sobriety Blue,,,,,,,,
,Roscommon,19:50,District Speciality Coffee Apprentice Maiden,,12,7080,Good,Turf,https://www.rp-assets.com/svg/b/7/1/356017b.svg,10,6,Smithfield,3,Robert Whearty,Gavin Cromwell,7,134,2.5,2.1,2.1,2.1,2,2.1,2,2,2,,,,,,,,Denis Gerard Hogan,3,17:20 | Roscommon | Mono River,18:50 | Roscommon | Roudha,19:50 | Roscommon | Sporting Aclaim,,,,,,,
,Roscommon,19:50,District Speciality Coffee Apprentice Maiden,,12,7080,Good,Turf,https://www.rp-assets.com/svg/7/8/4/155487.svg,10,7,Sporting Aclaim,3,Alan Casey(7),Denis Gerard Hogan,6,134,101,81,81,81,81,81,81,81,70,,,,,,,,Rory Anthony Devine,1,17:20 | Roscommon | Adial Kedo,,,,,,,,,
,Roscommon,19:50,District Speciality Coffee Apprentice Maiden,,12,7080,Good,Turf,https://www.rp-assets.com/svg/5/8/7/331785.svg,10,8,Superficial,3,Wayne Hassett,Andrew McNamara,5,134,23,11,12,10,9.5,11,9,9.5,9-5,,,,,,,,Aengus King,1,17:20 | Roscommon | La Tulipe Noire,,,,,,,,,
,Roscommon,19:50,District Speciality Coffee Apprentice Maiden,,12,7080,Good,Turf,https://www.rp-assets.com/svg/b/4/5/361054b.svg,10,9,A Pearl Starling,3,Jamie Powell,K J Condon,1,129,23,26,23,26,23,21,23,23,,,,,,,,,C Byrnes,1,17:20 | Roscommon | Porsche Lad,,,,,,,,,
,Roscommon,19:50,District Speciality Coffee Apprentice Maiden,,12,7080,Good,Turf,https://www.rp-assets.com/svg/h/8/2/159428h.svg,10,10,Juniper Sling,3,Jack Kearney,G M Lyons,2,129,3.25,,,,,,,,35,,,,,,,,Joseph G Murphy,2,17:20 | Roscommon | Vervain,17:50 | Roscommon | Tahcawin,,,,,,,,
,Roscommon,20:20,Campbell's Bar Ballinlough Handicap,,12,6785,Good,Turf,https://www.rp-assets.com/svg/6/8/9/205986.svg,14,1,Pillar Of Hope,7,Patrick McGettigan(7),P Sweeney,10,142,5,5,5,5,5,5,5,5,-52915,,,,,,,,Ms Sheila Lavery,5,17:20 | Roscommon | Oranzona,18:50 | Roscommon | Faberi,18:50 | Roscommon | Suerte,19:20 | Roscommon | Anvika,20:20 | Roscommon | Breathe Again,,,,,
,Roscommon,20:20,Campbell's Bar Ballinlough Handicap,,12,6785,Good,Turf,https://www.rp-assets.com/svg/6/9/6/316696.svg,14,2,Si Senior,4,Julian Pietropaolo(7),Patrick Magee,12,139,19,26,23,26,23,21,21,23,291780,,,,,,,,James M Barrett,1,17:20 | Roscommon | Can I Kiss You,,,,,,,,,
,Roscommon,20:20,Campbell's Bar Ballinlough Handicap,,12,6785,Good,Turf,https://www.rp-assets.com/svg/4/1/7/282714.svg,14,3,Beauty Generation,4,Shane Foley,Mrs John Harrington,9,136,17,34,34,34,29,29,29,29,210000,,,,,,,,Josh Halley,2,17:20 | Roscommon | Tortola,17:50 | Roscommon | Parallax,,,,,,,,
,Roscommon,20:20,Campbell's Bar Ballinlough Handicap,,12,6785,Good,Turf,https://www.rp-assets.com/svg/8/1/3/144318.svg,14,4,Kool One,4,James Ryan,Conor David Maxwell,3,133,7,11,11,11,11,11,11,11,9231-0,,,,,,,,Kevin Thomas Coleman,2,17:50 | Roscommon | Badger's Cove,18:20 | Roscommon | Egyptian Pharaoh,,,,,,,,
,Roscommon,20:20,Campbell's Bar Ballinlough Handicap,,12,6785,Good,Turf,https://www.rp-assets.com/svg/0/8/6/346680.svg,14,5,Breathe Again,4,Robbie Colgan,Ms Sheila Lavery,8,132,5,8,8,8,7.5,7.5,7.5,7.5,030573,,,,,,,,Paul Stafford,1,17:50 | Roscommon | Kuma Queen,,,,,,,,,
,Roscommon,20:20,Campbell's Bar Ballinlough Handicap,,12,6785,Good,Turf,https://www.rp-assets.com/svg/b/0/5/278250b.svg,14,6,Milverton,6,Andrew Slattery,Karl Thornton,6,132,34,81,81,81,67,67,67,81,0-6700,,,,,,,,J G Coogan,1,17:50 | Roscommon | Lazy River,,,,,,,,,
,Roscommon,20:20,Campbell's Bar Ballinlough Handicap,,12,6785,Good,Turf,https://www.rp-assets.com/svg/2/7/3/113372.svg,14,7,Out On Friday,9,Nicola Burns(7),Philip M Byrne,7,132,9.5,10,10,10,10,10,9,10,014864,,,,,,,,J S Bolger,1,17:50 | Roscommon | Lonradh,,,,,,,,,
,Roscommon,20:20,Campbell's Bar Ballinlough Handicap,,12,6785,Good,Turf,https://www.rp-assets.com/svg/9/8/8/355889.svg,14,8,Gotta Catch'em All,5,Gavin Ryan,H Rogers,2,130,4.33,4.5,4.5,4.5,4.33,4.33,4.33,4.5,-67562,,,,,,,,Donnacha Aidan O'Brien,1,17:50 | Roscommon | Spinning Around,,,,,,,,,
,Roscommon,20:20,Campbell's Bar Ballinlough Handicap,,12,6785,Good,Turf,https://www.rp-assets.com/svg/0/1/0/345010.svg,14,9,Ms Messi,4,Dylan Browne McMonagle,Paul W Flynn,13,130,11,6,6,5.5,6,6,6,5.5,-07091,,,,,,,,K J Condon,2,17:50 | Roscommon | Tharaka,19:50 | Roscommon | A Pearl Starling,,,,,,,,
,Roscommon,20:20,Campbell's Bar Ballinlough Handicap,,12,6785,Good,Turf,https://www.rp-assets.com/svg/7/7/1/142177.svg,14,10,Numidia,7,Rory Mulligan(7),Peter Lawlor,11,128,4.5,4,4,4,4,3.75,3.75,4,1-6604,,,,,,,,Noel Meade,1,18:20 | Roscommon | Check This Out,,,,,,,,,
,Roscommon,20:20,Campbell's Bar Ballinlough Handicap,,12,6785,Good,Turf,https://www.rp-assets.com/svg/8/0/4/349408.svg,14,11,Celtic Druid,4,Robert Whearty(3),T G McCourt,5,121,15,,,,,,,,759318,,,,,,,,Dermot Kilmartin,1,18:20 | Roscommon | Fortis Puer,,,,,,,,,
,Roscommon,20:20,Campbell's Bar Ballinlough Handicap,,12,6785,Good,Turf,https://www.rp-assets.com/svg/6/1/7/333716.svg,14,12,Tomahawk King,5,Chris Hayes,Thomas Coyle,14,121,41,51,51,51,51,41,51,51,430-09,,,,,,,,Thomas Coyle,3,18:50 | Roscommon | Vocology,19:20 | Roscommon | Run Forrest Run,20:20 | Roscommon | Tomahawk King,,,,,,,
,Roscommon,20:20,Campbell's Bar Ballinlough Handicap,,12,6785,Good,Turf,https://www.rp-assets.com/svg/c/4/5/168854c.svg,14,13,Art Of Silence,7,Jimmy Dalton(10),Gerard Keane,4,119,41,,,,,,,,00988/,,,,,,,,Brian Francis Cawley,1,18:50 | Roscommon | Alishba,,,,,,,,,
,Roscommon,20:20,Campbell's Bar Ballinlough Handicap,,12,6785,Good,Turf,https://www.rp-assets.com/svg/9/5/2/358259.svg,14,14,Mayo For Sam,5,Rory Cleary,M Flannery,1,119,41,41,41,41,41,34,41,41,-00887,,,,,,,,Miss Natalia Lupini,1,18:50 | Roscommon | Perfect Base,,,,,,,,,
,,,,,,,,,,,,,,,,,,,,,,,,,,,,,,,,,,W McCreery,2,18:50 | Roscommon | Ready To Mingle,19:20 | Roscommon | Bundle Of Interest,,,,,,,,
,,,,,,,,,,,,,,,,,,,,,,,,,,,,,,,,,,Daniel McLoughlin,1,18:50 | Roscommon | Syzygy,,,,,,,,,
,,,,,,,,,,,,,,,,,,,,,,,,,,,,,,,,,,Patrick Magee,2,18:50 | Roscommon | Thru The Gap,20:20 | Roscommon | Si Senior,,,,,,,,
,,,,,,,,,,,,,,,,,,,,,,,,,,,,,,,,,,D K Weld,1,18:50 | Roscommon | Tina's Charm,,,,,,,,,
,,,,,,,,,,,,,,,,,,,,,,,,,,,,,,,,,,Ross O'Sullivan,1,19:20 | Roscommon | Four Blondes,,,,,,,,,
,,,,,,,,,,,,,,,,,,,,,,,,,,,,,,,,,,John Andrew Kinsella,1,19:20 | Roscommon | Engines On,,,,,,,,,
,,,,,,,,,,,,,,,,,,,,,,,,,,,,,,,,,,G M Lyons,2,19:20 | Roscommon | Glyndwr,19:50 | Roscommon | Juniper Sling,,,,,,,,
,,,,,,,,,,,,,,,,,,,,,,,,,,,,,,,,,,Miss Hilary McLoughlin,1,19:20 | Roscommon | Ramiro,,,,,,,,,
,,,,,,,,,,,,,,,,,,,,,,,,,,,,,,,,,,P Sweeney,2,19:20 | Roscommon | Ransom,20:20 | Roscommon | Pillar Of Hope,,,,,,,,
,,,,,,,,,,,,,,,,,,,,,,,,,,,,,,,,,,Adrian Sexton,1,19:20 | Roscommon | Spent All Me Money,,,,,,,,,
,,,,,,,,,,,,,,,,,,,,,,,,,,,,,,,,,,P J F Murphy,1,19:20 | Roscommon | Free Solo,,,,,,,,,
,,,,,,,,,,,,,,,,,,,,,,,,,,,,,,,,,,Conor O'Dwyer,1,19:20 | Roscommon | Lady Arwen,,,,,,,,,
,,,,,,,,,,,,,,,,,,,,,,,,,,,,,,,,,,Conor David Maxwell,2,19:20 | Roscommon | Smaoineamh Sile,20:20 | Roscommon | Kool One,,,,,,,,
,,,,,,,,,,,,,,,,,,,,,,,,,,,,,,,,,,Adrian Murray,2,19:50 | Roscommon | Bryant,19:50 | Roscommon | Devine Genius,,,,,,,,
,,,,,,,,,,,,,,,,,,,,,,,,,,,,,,,,,,Gavin Cromwell,1,19:50 | Roscommon | Smithfield,,,,,,,,,
,,,,,,,,,,,,,,,,,,,,,,,,,,,,,,,,,,Andrew McNamara,1,19:50 | Roscommon | Superficial,,,,,,,,,
,,,,,,,,,,,,,,,,,,,,,,,,,,,,,,,,,,Karl Thornton,1,20:20 | Roscommon | Milverton,,,,,,,,,
,,,,,,,,,,,,,,,,,,,,,,,,,,,,,,,,,,Philip M Byrne,1,20:20 | Roscommon | Out On Friday,,,,,,,,,
,,,,,,,,,,,,,,,,,,,,,,,,,,,,,,,,,,H Rogers,1,20:20 | Roscommon | Gotta Catch'em All,,,,,,,,,
,,,,,,,,,,,,,,,,,,,,,,,,,,,,,,,,,,Peter Lawlor,1,20:20 | Roscommon | Numidia,,,,,,,,,
,,,,,,,,,,,,,,,,,,,,,,,,,,,,,,,,,,T G McCourt,1,20:20 | Roscommon | Celtic Druid,,,,,,,,,
,,,,,,,,,,,,,,,,,,,,,,,,,,,,,,,,,,M Flannery,1,20:20 | Roscommon | Mayo For Sam,,,,,,,,,
